OBJECTID,YEAR_,STATE,AGENCY,UNIT_ID,FIRE_NAME,INC_NUM,ALARM_DATE,CONT_DATE,CAUSE,COMMENTS,REPORT_AC,GIS_ACRES,C_METHOD,OBJECTIVE,FIRE_NUM,SHAPE_Length,SHAPE_Area
21440,2020,CA,CDF,NEU,NELSON,13212,2020/06/18 00:00:00+00,2020/06/23 00:00:00+00,11,,110,109.6025,1,1,,4179.743142,-733134.6985
21441,2020,CA,CDF,NEU,AMORUSO,11799,2020/06/01 00:00:00+00,2020/06/04 00:00:00+00,2,,670,685.58502,1,1,,12399.37539,-4578171.899
21442,2020,CA,CDF,NEU,ATHENS,18493,2020/08/10 00:00:00+00,2020/03/01 00:00:00+00,14,,26,27.30048,1,1,,2119.19412,-182387.6404
21443,2020,CA,CDF,NEU,FLEMING,7619,2020/03/31 00:00:00+00,2020/04/01 00:00:00+00,9,,13,12.93155,1,1,,2029.524881,-86679.4234
21444,2020,CA,CDF,NEU,MELANESE,8471,2020/04/14 00:00:00+00,2020/04/19 00:00:00+00,18,,10.3,10.31596,1,1,,1342.742903,-70179.12235
21445,2020,CA,CDF,NEU,PFE,14858,2020/07/05 00:00:00+00,2020/07/05 00:00:00+00,14,,36,36.701931,1,1,,3012.198354,-244431.5169
21446,2020,CA,DOD,,VALLEY,15865,2020/07/15 00:00:00+00,2020/07/16 00:00:00+00,14,Beale Air Force Base,377,376.91049,1,1,,9803.350364,-2538316.863
21447,2020,CA,CDF,NEU,WALDO,15275,2020/07/09 00:00:00+00,2020/07/12 00:00:00+00,9,,10.7,10.10221,1,1,,1425.986342,-68043.04137
21448,2020,CA,CDF,NEU,WILLOW,6064,2020/03/10 00:00:00+00,2020/03/11 00:00:00+00,5,,34,33.973888,1,1,,2477.151815,-230549.7851
21449,2020,CA,CDF,NEU,WILLOWS,21423,2020/09/09 00:00:00+00,2020/10/13 00:00:00+00,7,,1311,1309.09,3,1,,15221.41054,-8877495.807
21450,2020,CA,CDF,NEU,DYER,15012,2020/07/06 00:00:00+00,2020/07/06 00:00:00+00,8,,195,194.66029,1,1,,7757.246838,-1296860.608
21451,2020,CA,CDF,NEU,FARRIER,16781,2020/07/24 00:00:00+00,2020/07/31 00:00:00+00,8,,22.7,22.6343,1,1,,1693.89813,-150787.4306
21452,2020,CA,CDF,NEU,FIELDS,23897,2020/10/06 00:00:00+00,2020/10/09 00:00:00+00,5,,55,55.32843,1,1,,3143.531417,-373125.2475
21453,2020,CA,CDF,NEU,JONES,19231,2020/08/17 00:00:00+00,2020/09/28 00:00:00+00,1,aka INDIAN,705,705.54602,3,1,,15226.05477,-4770841.804
21454,2020,CA,DOD,,PAVE PAWS,17717,2020/08/02 00:00:00+00,2020/08/02 00:00:00+00,11,Beale Air Force Base,532,532.77338,1,1,,10122.68925,-3589054.985
21455,2020,CA,CDF,NEU,RIOSA,12970,2020/06/15 00:00:00+00,2020/06/15 00:00:00+00,11,,13.8,13.69473,1,1,,1743.670874,-91856.85007
21456,2020,CA,CDF,BTU,NELSON,6825,2020/06/17 00:00:00+00,2020/06/25 00:00:00+00,14,,95,103.3313,1,1,,5758.364508,-703657.6394
21458,2020,CA,CDF,BTU,POTTERS ,9692,2020/08/17 00:00:00+00,2020/09/10 00:00:00+00,1,2020 BUTTE LIGHTNING COMPLEX,710,925.40192,1,1,,16613.48391,-6307904.036
21459,2020,CA,CDF,BTU,CASSCADE CREEK,9703,2020/08/17 00:00:00+00,2020/09/10 00:00:00+00,1,2020 BUTTE LIGHTNING COMPLEX,12,260.1756,1,1,,7022.574927,-1780346.91
21460,2020,CA,CDF,BTU,TEDDY,6891,2020/06/18 00:00:00+00,2020/06/23 00:00:00+00,14,,134,13.27956,1,1,,1648.633067,-90049.4963
21461,2020,CA,CDF,CZU,COAST,3906,2020/06/29 00:00:00+00,2020/06/29 00:00:00+00,7,,20,20.2083,7,1,,1702.000922,-128343.1706
21462,2020,CA,CDF,CZU,CZU LIGHTNING COMPLEX,5205,2020/08/16 00:00:00+00,2020/09/24 00:00:00+00,1,,86509,86553.461,7,1,,255052.1933,-552318495.8
21463,2020,CA,CDF,MEU,OAK,10700,2020/09/07 00:00:00+00,2020/09/28 00:00:00+00,9,,1100,1146.4659,7,1,,18184.11758,-7799786.214
21464,2020,CA,CDF,MEU,CREEK,9786,2020/08/18 00:00:00+00,2020/08/26 00:00:00+00,10,,820,834.24432,7,1,,12821.81315,-5727850.424
21465,2020,CA,CDF,MEU,19-Mar,9781,2020/08/18 00:00:00+00,2020/10/21 00:00:00+00,1,,62,65.008553,4,1,,2611.286609,-439629.1071
21466,2020,CA,CDF,MEU,VINEYARD,6489,2020/06/09 00:00:00+00,2020/06/18 00:00:00+00,2,,150,150.49451,1,1,,5675.645916,-1007057.355
21467,2020,CA,CDF,MEU,MINA,9342,2020/08/10 00:00:00+00,2020/08/15 00:00:00+00,4,,170,158.8692,2,1,,5106.029786,-1091466.034
21468,2020,CA,CDF,HUU,BEAR,1401,2020/02/15 00:00:00+00,2020/02/15 00:00:00+00,5,,11,10.47374,1,1,,1526.389401,-73476.6103
21469,2020,CA,CDF,HUU,REDWOOD,9006,2020/10/23 00:00:00+00,2020/10/23 00:00:00+00,2,,102,101.4003,1,1,,3753.852905,-711099.6237
21470,2020,CA,CDF,TGU,GRIZZLY,2412,2020/03/02 00:00:00+00,2020/03/06 00:00:00+00,14,,154,155.27299,1,1,,6540.583641,-1064278.577
21471,2020,CA,CDF,TGU,BEEGUM,2023,2020/02/22 00:00:00+00,2020/02/23 00:00:00+00,18,,200,181.44051,2,1,,10696.81651,-1264981.537
21472,2020,CA,CDF,TGU,8-Apr,8808,2020/08/17 00:00:00+00,2020/08/18 00:00:00+00,1,,300,278.01001,1,1,,8954.967188,-1891689.639
21473,2020,CA,CDF,TGU,ELK,8702,2020/08/16 00:00:00+00,2020/08/17 00:00:00+00,1,,727,730.48138,1,1,,12016.13872,-4982413.337
21474,2020,CA,CDF,TGU,RED,4162,2020/04/23 00:00:00+00,2020/04/24 00:00:00+00,5,,26.4,26.40666,1,1,,2684.268887,-182659.8735
21475,2020,CA,CDF,HUU,MINE,11303,2020/12/24 00:00:00+00,2020/12/24 00:00:00+00,5,,11,11.07413,1,1,,1825.22881,-77436.89297
21476,2020,CA,CDF,BTU,AVOCADO,7464,2020/06/30 00:00:00+00,2020/07/11 00:00:00+00,14,,136,137.58141,1,1,,4076.504034,-933389.975
21477,2020,CA,CDF,BTU,HONCUT,6966,2020/06/20 00:00:00+00,2020/06/22 00:00:00+00,14,,89,88.18602,1,1,,4162.198454,-597747.5029
21478,2020,CA,CDF,BTU,GRAND,12308,2020/10/15 00:00:00+00,2020/10/20 00:00:00+00,14, ,30,31.06109,1,1,,3068.50147,-211492.5058
21479,2020,CA,CCO,ORC,PARK FIRE,20075598,2020/07/05 00:00:00+00,2020/07/07 00:00:00+00,14, ,21,24.097839,1,1,,2020.079466,-141579.5073
21480,2020,CA,CDF,ORC,SILVERADO,20121364,2020/10/26 00:00:00+00,2020/11/02 00:00:00+00,14, ,0,12469.2,7,1,,65362.59357,-73125983.46
21481,2020,CA,CDF,ORC,BLUE RIDGE,20121612,2020/10/26 00:00:00+00,2020/11/02 00:00:00+00,14, ,0,13694.53,7,1,,65838.87538,-80671871.27
21482,2020,CA,CDF,ORC,BOND,20136890,2020/12/03 00:00:00+00,2020/12/07 00:00:00+00,14, ,0,6681.1011,7,1,,52771.36548,-39200475.4
21483,2020,CA,CDF,BTU,CLARK,9565,2020/08/14 00:00:00+00,2020/08/14 00:00:00+00,14,,110,106.7851,1,1,,5533.236416,-729464.8671
21484,2020,CA,CDF,NEU,DULUTH,18540,2020/08/10 00:00:00+00,2020/08/12 00:00:00+00,10,,65,71.949944,1,1,,5784.257079,-480239.2076
21485,2020,CA,CDF,NEU,KARCHNER,2117,2020/06/05 00:00:00+00,2020/06/06 00:00:00+00,2,,30,30.024929,1,1,,1974.730536,-201532.5878
21486,2020,CA,LRA,NEU,SIMPSON,24660,2020/10/15 00:00:00+00,2020/10/17 00:00:00+00,14,Yuba City Fire,29,28.57456,6,1,,1971.429707,-192491.0701
21487,2020,CA,CDF,NEU,WATT,12647,2020/06/11 00:00:00+00,2020/06/13 00:00:00+00,14,,40,39.866058,1,1,,3532.947958,-265518.1792
21488,2020,CA,CDF,NEU,LOCUST,31508,2020/12/31 00:00:00+00,2020/01/31 00:00:00+00,5,,16,15.85951,1,1,,1604.873418,-105708.1605
21489,2020,CA,CDF,BTU,GARDEN,5015,2020/05/06 00:00:00+00,2020/05/09 00:00:00+00,2,,50,49.009911,1,1,,3611.378663,-334118.9326
21490,2020,CA,CDF,BTU,FEATHER,8456,2020/07/20 00:00:00+00,2020/07/22 00:00:00+00,14,,14.9,14.74075,1,1,,1522.437471,-100343.8994
21491,2020,CA,CDF,SKU,BADGER,5356,2020/07/18 00:00:00+00,2020/07/19 00:00:00+00,10, ,557,557.30603,1,1,,13506.56665,-4060376.107
21492,2020,CA,CDF,SKU,MINER,5595,2020/07/25 00:00:00+00,2020/07/25 00:00:00+00,14,,22,23.13611,1,1,,2899.109655,-166418.5277
21493,2020,CA,CDF,SKU,JENNY 2-3,5678,2020/07/27 00:00:00+00,2020/07/27 00:00:00+00,1,From ODF aka Jenny Creek Fed Inc# ORMED-000227,12,14.63708,1,1,,1594.562538,-107366.6792
21494,2020,CA,CDF,SKU,SCHOOLHOUSE,7096,2020/09/09 00:00:00+00,2020/09/09 00:00:00+00,14,,36,37.064041,1,1,,2367.926695,-269098.1405
21495,2020,CA,CDF,SKU,TOWNSEND,3484,2020/05/17 00:00:00+00,2020/05/17 00:00:00+00,5,,13.74,13.73043,1,1,,1808.098667,-99819.97967
21496,2020,CA,CDF,SKU,SHACKLEFORD,7137,2020/09/11 00:00:00+00,2020/09/11 00:00:00+00,14,,37,37.650269,1,1,,2903.044779,-272468.9427
21497,2020,CA,CDF,TCU,MOC,9457,2020/08/20 00:00:00+00,2020/09/05 00:00:00+00,9,Cause= Weed Eating,2857.36,2857.605,1,1,,24671.34816,-18547049.61
21498,2020,CA,CDF,TCU,SALT,9353,2020/08/18 00:00:00+00,2020/08/28 00:00:00+00,9,Cause = Grinding,1593.91,1593.7321,1,1,,16443.51696,-10403242.59
21499,2020,CA,CDF,TCU,WALKER,6494,2020/06/16 00:00:00+00,2020/06/23 00:00:00+00,9,Cause = Grinding,1422,1398.004,2,1,,19226.90335,-9143297.869
21500,2020,CA,CCO,KRN,BAKER,2024545,2020/06/17 00:00:00+00,2020/06/18 00:00:00+00,14,,165.1797998,165.17979,1,1,,7573.073402,-1006161.88
21501,2020,CA,CCO,KRN,BENA,2027271,2020/07/01 00:00:00+00,2020/07/05 00:00:00+00,14,SRA,2884.443908,2884.4431,1,1,,21314.972,-17566953.15
21502,2020,CA,CCO,KRN,FLAT,2028833,2020/07/09 00:00:00+00,2020/07/12 00:00:00+00,14,Crew 10,40.09774479,40.097729,1,1,,3515.808805,-244002.3848
21503,2020,CA,CCO,KRN,COMANCHE,2031924,2020/07/26 00:00:00+00,2020/07/27 00:00:00+00,14,,66.11648805,66.116478,1,1,,4069.537767,-401194.1547
21504,2020,CA,CCO,KRN,SHEEP,2032616,2020/07/30 00:00:00+00,2020/07/30 00:00:00+00,14,,233.0561774,233.05611,1,1,,7205.225392,-1413545.791
21505,2020,CA,CCO,KRN,RESERVE,2033499,2020/08/04 00:00:00+00,2020/08/05 00:00:00+00,14,West wind. ,11.50082577,11.50082,1,1,,1757.170789,-70018.63708
21506,2020,CA,CCO,KRN,JOHNSON,2033650,2020/08/05 00:00:00+00,2020/08/06 00:00:00+00,14,,37.95109591,37.951092,1,1,,2953.056531,-230876.136
21507,2020,CA,BLM,CND,SODA,34749,2020/06/17 00:00:00+00,2020/06/17 00:00:00+00,1,IRWINID 3c1195d7-ac3c-4a9c-b918-007c11227750 KRN inc# 034749,,421.46991,1,1,,8257.52921,-2545329.887
21508,2020,CA,CCO,KRN,WOODY,2035078,2020/08/14 00:00:00+00,2020/08/14 00:00:00+00,14,,90.57170268,90.571693,1,1,,3524.333234,-555702.7011
21509,2020,CA,CCO,KRN,BLUE,2035487,2020/08/16 00:00:00+00,2020/08/17 00:00:00+00,14,Crew 10,19.89914145,19.899139,1,1,,1994.094611,-120367.2063
21510,2020,CA,CCO,KRN,SHERWOOD,2037640,2020/08/29 00:00:00+00,2020/08/29 00:00:00+00,14,,41.18887316,41.188869,1,1,,2299.939726,-273941.7967
21511,2020,CA,CCO,KRN,VISTA ,2039431,2020/09/09 00:00:00+00,2020/09/09 00:00:00+00,14,,34.7179629,34.71796,1,1,,2535.847867,-210541.7461
21512,2020,CA,CCO,KRN,GARCES,2041011,2020/09/19 00:00:00+00,2020/09/19 00:00:00+00,14,,10.84567745,10.84567,1,1,,1328.693797,-66796.20806
21513,2020,CA,CCO,KRN,LILAC,2045515,2020/10/18 00:00:00+00,2020/10/19 00:00:00+00,14,C10,52.84682059,52.846809,1,1,,3232.548108,-320521.6258
21514,2020,CA,CCO,KRN,WATER,2052313,2020/12/02 00:00:00+00,2020/12/03 00:00:00+00,14,Perimeter goes all the way to the freeway ,22.36359649,22.36359,1,1,,2196.957677,-134343.5957
21515,2020,CA,CCO,KRN,STAGECOACH,2033315,2020/08/03 00:00:00+00,2020/08/03 00:00:00+00,14,,7750,7750.6372,1,1,,46920.3382,-47373861.85
21516,2020,CA,CDF,MMU,HUNTERS,11682,2020/06/07 00:00:00+00,2020/06/11 00:00:00+00,2,,80,82.140099,1,1,,4659.651118,-530471.3819
21517,2020,CA,CDF,MMU,PASS,13431,2020/06/28 00:00:00+00,2020/07/01 00:00:00+00,11,,2192,2163.6621,1,1,,16695.52567,-13770400.12
21518,2020,CA,CDF,MMU,POWER,14707,2020/07/11 00:00:00+00,2020/07/15 00:00:00+00,11,,108,151.5495,1,1,,5184.749506,-967344.6758
21519,2020,CA,CDF,MMU,BEN,15036,2020/07/15 00:00:00+00,2020/07/17 00:00:00+00,11,,48,48.125351,1,1,,2971.192793,-309356.2399
21520,2020,CA,CDF,MMU,HENSLEY,19014,2020/08/30 00:00:00+00,2020/09/02 00:00:00+00,7,,400,398.48151,1,1,,14750.30341,-2538309.842
21521,2020,CA,CDF,SHF,FRANCISCAN,8178,2020/08/15 00:00:00+00,2020/08/15 00:00:00+00,2,,15,15.77985,1,1,,2337.834049,-110504.7262
21522,2020,CA,CDF,SHU,BAR,3809,2020/04/25 00:00:00+00,2020/04/26 00:00:00+00,5,,55,57.785629,1,1,,6053.002952,-406463.1374
21523,2020,CA,CDF,SHU,LEOPARD,5006,2020/05/31 00:00:00+00,2020/05/31 00:00:00+00,7,,16,16.629,1,1,,2867.553878,-116484.6804
21524,2020,CA,CCO,SBC,DRUM,2012322,2020/06/14 00:00:00+00,2020/06/17 00:00:00+00,2,SBC 6756,696,695.47058,1,1,,18011.62011,-4167186.653
21525,2020,CA,CCO,SBC,TWITCHELL,2011706,2020/06/06 00:00:00+00,2020/06/06 00:00:00+00,1,SBC 6375,28,28.684549,1,1,,3330.00789,-173213.1077
21526,2020,CA,CCO,SBC,BALLARD,2023312,2020/10/31 00:00:00+00,2020/10/31 00:00:00+00,14,SBC 12726,17,17.29714,1,1,,2112.363662,-103688.5018
21527,2020,CA,CCO,SBC,GAREY,2025625,2020/11/29 00:00:00+00,2020/12/01 00:00:00+00,2,SBC 13884,12,12.15279,1,1,,2428.688985,-73228.83023
21528,2020,CA,CDF,SHU,PLATINA,7049,2020/07/19 00:00:00+00,2020/07/21 00:00:00+00,9,,350,339.46661,1,1,,9206.192733,-2374022.109
21529,2020,CA,CDF,SHU,ROSA,1895,2020/02/26 00:00:00+00,2020/02/26 00:00:00+00,5,,14,10.7585,1,1,,1973.219331,-93994.50653
21530,2020,CA,CDF,SHU,SPRINGS,7944,2020/08/09 00:00:00+00,2020/08/09 00:00:00+00,8,,10.25,10.29982,1,1,,1425.501396,-72441.70567
21531,2020,CA,CDF,SHU,PINES,8109,2020/08/13 00:00:00+00,2020/08/13 00:00:00+00,9,,10.2,15.73703,1,1,,1828.767568,-109947.4238
21532,2020,CA,CDF,BDU,BRUDER,14963,2020/10/14 00:00:00+00,2020/10/15 00:00:00+00,14,,170,169.54849,1,1,,5739.959449,-1001062.045
21533,2020,CA,CCO,SBC,HOLLISTER,2010146,2020/05/07 00:00:00+00,2020/05/10 00:00:00+00,11,SBC 5172,156,157.01781,1,1,,5267.798345,-937233.6867
21534,2020,CA,CCO,SBC,KIRSCHEMANN,2010981,2020/05/28 00:00:00+00,2020/05/28 00:00:00+00,2,SBC 6010,29,28.75139,1,1,,1724.029761,-173394.8574
21535,2020,CA,CCO,SBC,VIEW,2011863,2020/06/06 00:00:00+00,2020/06/07 00:00:00+00,11,SBC 6364,77,77.05925,1,1,,3887.79851,-461807.9616
21536,2020,CA,CCO,SBC,GATO,2015948,2020/07/31 00:00:00+00,2020/07/31 00:00:00+00,14,SBC 8694,10,10.23549,1,1,,1351.126874,-61602.99037
21537,2020,CA,CCO,SBC,LITO,2019126,2020/09/07 00:00:00+00,2020/09/07 00:00:00+00,9,SBC 10424,26,25.822439,1,1,,1976.451964,-154580.9361
21538,2020,CA,CCO,SBC,DUTARD,2025052,2020/11/23 00:00:00+00,2020/11/23 00:00:00+00,14,SBC 13664,14,13.63339,1,1,,1360.382138,-82188.73173
21539,2020,CA,CCO,SBC,CLARK,2026762,2020/12/16 00:00:00+00,2020/12/16 00:00:00+00,7,SBC 14571,19,18.82918,1,1,,2217.942008,-113445.0468
21540,2020,CA,CDF,SLU,HUASNA,5881,2020/05/13 00:00:00+00,2020/05/13 00:00:00+00,5,Embrs from debris pile,47.5,47.4296,1,1,,3280.433226,-287161.2896
21541,2020,CA,CDF,SLU,SODA,7149,2020/06/10 00:00:00+00,2020/06/10 00:00:00+00,10,Dragging Chains,1680,1653.115,6,1,,19675.84924,-10073813.34
21542,2020,CA,CDF,SLU,AVILA,7409,2020/06/15 00:00:00+00,2020/06/20 00:00:00+00,14,,445,434.29099,1,1,,15280.53623,-2636154.882
21543,2020,CA,CDF,SLU,GAGE,8112,2020/06/28 00:00:00+00,2020/06/28 00:00:00+00,2,Tractor mowing,33,33.055241,1,1,,3411.537511,-203234.3549
21544,2020,CA,CDF,SLU,LAKE,8435,2020/07/04 00:00:00+00,2020/07/04 00:00:00+00,10,Vehicle Accident,583,567.00629,1,1,,14090.65428,-3459823.315
21545,2020,CA,CDF,SLU,SODA,8356,2020/07/03 00:00:00+00,2020/07/03 00:00:00+00,2,Water Pump,155,152.58659,1,1,,4996.199946,-928273.8171
21546,2020,CA,CDF,SLU,RIATA,7469,2020/06/16 00:00:00+00,2020/06/16 00:00:00+00,2,ATV,17,15.23254,1,1,,1633.05767,-92896.53048
21547,2020,CA,CDF,SLU,BERRY,9850,2020/08/01 00:00:00+00,2020/08/01 00:00:00+00,2,Equipment exhaust ,25,24.133841,1,1,,2849.763563,-148446.5504
21548,2020,CA,CDF,SLU,BRANCH,9669,2020/07/28 00:00:00+00,2020/08/03 00:00:00+00,10,,3222,2922.2041,7,1,,37572.32948,-17791770.35
21549,2020,CA,CDF,SLU,II-2,10562,2020/08/15 00:00:00+00,2020/08/15 00:00:00+00,1,,68.3,64.875893,1,1,,3325.652852,-392548.3921
21550,2020,CA,CDF,SLU,CARRIZO,10369,2020/08/12 00:00:00+00,2020/08/12 00:00:00+00,10,,180,184.91721,1,1,,4863.026813,-1126390.383
21551,2020,CA,CDF,SLU,TOPAZ,7269,2020/06/12 00:00:00+00,2020/06/12 00:00:00+00,2,Mechanical,157,157.1149,1,1,,5750.035587,-958376.7747
21552,2020,CA,CDF,SLU,POND,9866,2020/08/01 00:00:00+00,2020/08/09 00:00:00+00,7,,2002,1962.329,1,1,,27175.70695,-11977219.34
21553,2020,CA,CDF,SLU,HUTTON,16175,2020/12/07 00:00:00+00,2020/12/07 00:00:00+00,14,,22,22.70941,1,1,,2046.486098,-137253.6427
21554,2020,CA,CDF,SLU,CRESTA BLANCA,7158,2020/06/10 00:00:00+00,2020/06/10 00:00:00+00,10,,21,18.424829,1,1,,1440.234946,-112122.358
21555,2020,CA,CDF,SLU,JUAN,8489,2020/07/05 00:00:00+00,2020/07/05 00:00:00+00,11,Electrical,33,33.282101,6,1,,2251.941808,-203983.5877
21556,2020,CA,CDF,SLU,PASS,10018,2020/08/04 00:00:00+00,2020/08/05 00:00:00+00,10,,322,323.1759,1,1,,10759.2126,-1991152.851
21557,2020,CA,CDF,SLU,III_2,10544,2020/08/15 00:00:00+00,2020/08/15 00:00:00+00,1,,13,20.43499,1,1,,1838.694102,-125110.8434
21558,2020,CA,CDF,SLU,WHALE,10533,2020/08/15 00:00:00+00,2020/08/18 00:00:00+00,1,,320,322.33661,1,1,,6142.230578,-1972454.319
21559,2020,CA,CDF,SLU,PLACER,110780,2020/08/25 00:00:00+00,2020/08/25 00:00:00+00,2,,53,53.15897,1,1,,2960.151717,-324301.1327
21560,2020,CA,CDF,SHU,ZOGG,9978,2020/09/27 00:00:00+00,2020/10/13 00:00:00+00,14,,56338,56338.051,3,1,,190609.1699,-393993433.3
21561,2020,CA,CDF,SHU,POINT,11061,2020/10/25 00:00:00+00,2020/10/27 00:00:00+00,9,,275,48.14772,1,1,,9622.195991,-1931390.71
21562,2020,CA,CDF,TUU,GRADE,298,2020/06/22 00:00:00+00,2020/06/25 00:00:00+00,7,,1050,1050.24,1,1,,13592.22281,-6599440.181
21563,2020,CA,CDF,TUU,FORKS,285,2020/06/18 00:00:00+00,2020/06/21 00:00:00+00,15,,130,117.2348,1,1,,5251.157509,-733209.3717
21564,2020,CA,CDF,TUU,SPRINGS,289,2020/06/19 00:00:00+00,2020/06/22 00:00:00+00,10,,217,223.8869,1,1,,6273.755132,-1381668.37
21565,2020,CA,CDF,BDU,PITZER,10332,2020/07/17 00:00:00+00,2020/07/18 00:00:00+00,9,,120,118.7805,1,1,,5085.815638,-707587.0671
21566,2020,CA,CDF,BDU,MENTONE,14847,2020/10/12 00:00:00+00,2020/10/13 00:00:00+00,10,,79,47.272541,6,1,,3559.136297,-279545.0983
21567,2020,CA,CDF,SHU,INWOOD,7560,2020/07/31 00:00:00+00,2020/07/31 00:00:00+00,11,,11,10.81982,1,1,,1545.979983,-75886.60554
21568,2020,CA,CDF,SHU,DERSCH,11068,2020/10/25 00:00:00+00,2021/01/25 00:00:00+00,7,,133,133.2995,1,1,,9483.093424,-933421.0888
21569,2020,CA,CDF,AEU,GRANT FIRE,16543,2020/06/12 00:00:00+00,2020/06/12 00:00:00+00,2,,5042,5062.1982,1,1,,31944.67194,-33560841.77
21570,2020,CA,CDF,AEU,CRONAN FIRE,16219,2020/06/09 00:00:00+00,2020/06/09 00:00:00+00,2,,28,28.2712,1,1,,1949.28488,-188749.9945
21571,2020,CA,CDF,SHU,RIDGE,9476,2020/09/14 00:00:00+00,2021/01/14 00:00:00+00,10,,18.5,17.10545,1,1,,2050.818243,-119773.0977
21572,2020,CA,CDF,AEU,CLAY FIRE,22430,2020/07/29 00:00:00+00,2020/07/29 00:00:00+00,3,,741,740.11182,1,1,,15488.66036,-4886122.665
21573,2020,CA,CDF,AEU,MEISS FIRE,24350,2020/08/13 00:00:00+00,2020/08/13 00:00:00+00,9,,512,509.14719,1,1,,10408.34868,-3365238.547
21574,2020,CA,CDF,FKU,DEN,6845,2020/05/23 00:00:00+00,2020/05/23 00:00:00+00,11,,42.87516,42.87516,1,1,,2238.833309,-264731.4204
21575,2020,CA,CDF,FKU,FRONTIER,8754,2020/06/23 00:00:00+00,2020/06/23 00:00:00+00,7,,21.7087,21.708691,1,1,,1565.048464,-137924.5996
21576,2020,CA,CDF,FKU,GATOS,5504,2020/04/26 00:00:00+00,2020/04/26 00:00:00+00,2,,31.95898,31.95899,1,1,,2149.264853,-199029.6346
21577,2020,CA,CDF,FKU,HILLS,11121,2020/07/28 00:00:00+00,2020/07/28 00:00:00+00,9,,44.13896,44.138962,1,1,,3468.796414,-278570.2862
21578,2020,CA,CDF,FKU,HILLS,12279,2020/08/15 00:00:00+00,2020/09/27 00:00:00+00,1,,2120.98,2120.98,2,1,,20374.51688,-13134178.91
21579,2020,CA,CDF,FKU,KINGS,9658,2020/07/05 00:00:00+00,2020/07/05 00:00:00+00,2,,65.94609,65.946091,1,1,,3621.588375,-416526.9851
21580,2020,CA,CDF,FKU,MINERAL,10219,2020/07/13 00:00:00+00,2020/07/26 00:00:00+00,14,,29666.96,29666.961,2,1,,113981.4023,-184633612.4
21581,2020,CA,CDF,FKU,SUTTER,6911,2020/05/24 00:00:00+00,2020/05/24 00:00:00+00,11,,26.95898,26.958981,1,1,,1946.584466,-167316.2391
21582,2020,CA,CDF,FKU,SYCAMORE,8701,2020/06/23 00:00:00+00,2020/06/25 00:00:00+00,7,,26.59245,26.592461,1,1,,2418.989114,-168936.4056
21583,2020,CA,CDF,FKU,THERMAL,13123,2020/08/30 00:00:00+00,2020/08/30 00:00:00+00,11,,11.4255,11.4255,1,1,,1779.664104,-72166.09202
21584,2020,CA,CDF,FKU,TODD,10991,2020/07/26 00:00:00+00,2020/07/26 00:00:00+00,2,,13.09678,13.09678,1,1,,1596.150515,-82632.56773
21585,2020,CA,CDF,FKU,TAR,12129,2020/08/13 00:00:00+00,2020/08/18 00:00:00+00,1,,20.48829,20.488291,1,1,,1688.988884,-126743.3566
21586,2020,CA,CDF,AEU,MURPHY FIRE,24956,2020/08/17 00:00:00+00,2020/08/17 00:00:00+00,11,,14,13.25112,1,1,,1534.422293,-88455.0044
21587,2020,CA,CDF,AEU,COPPER FIRE,29600,2020/09/30 00:00:00+00,2020/09/30 00:00:00+00,3,,47,46.583462,1,1,,3134.084533,-308142.8979
21588,2020,CA,CDF,AEU,CAMERON FIRE,31579,2020/10/18 00:00:00+00,2020/10/18 00:00:00+00,10,,15,14.42601,1,1,,2402.690167,-95882.9711
21589,2020,CA,CDF,AEU,LIBERTY FIRE,17224,2020/06/17 00:00:00+00,2020/06/17 00:00:00+00,5,,88.9,88.69252,1,1,,6146.408183,-582786.9949
21590,2020,CA,CDF,AEU,LAMBERT FIRE,30112,2020/10/04 00:00:00+00,2020/10/04 00:00:00+00,9,,22,21.816271,1,1,,1873.866967,-144216.9361
21591,2020,CA,CDF,BEU,CROSS,4975,2020/10/07 00:00:00+00,2020/10/07 00:00:00+00,2,"Grass fire
",25,24.49597,1,1,,2109.645491,-151625.8548
21592,2020,CA,CDF,BEU,BROWN,4730,2020/09/22 00:00:00+00,2020/09/23 00:00:00+00,11,"Grass fire
",18,18.3533,1,1,,1399.693051,-116118.1537
21593,2020,CA,CDF,BEU,BOOMER,3228,2020/07/04 00:00:00+00,2020/07/05 00:00:00+00,14,"Brush or brush-and-grass mixture fire
",15,10.92989,1,1,,1436.730064,-69080.48605
21594,2020,CA,CDF,BEU,BRADLEY,2699,2020/06/08 00:00:00+00,2020/06/09 00:00:00+00,2,"Grass fire
",230,230.3548,1,1,,5835.150037,-1424371.092
21595,2020,CA,CDF,BEU,CARMEL,4081,2020/08/18 00:00:00+00,2020/09/06 00:00:00+00,10,"Brush or brush-and-grass mixture fire
",6901,6996.9419,7,1,,55600.12332,-43813350.6
21596,2020,CA,CDF,BEU,COPPERHEAD,5318,2020/10/26 00:00:00+00,2020/10/26 00:00:00+00,2,"Brush or brush-and-grass mixture fire
",23,22.668119,1,1,,1915.848542,-139948.1661
21597,2020,CA,CDF,BEU,CIRCLE,4978,2020/10/07 00:00:00+00,2020/10/08 00:00:00+00,8,Brush or brush-and-grass mixture fire,8,32.202068,1,1,,2582.135487,-200531.3735
21598,2020,CA,CDF,BEU,COYOTE,3441,2020/07/15 00:00:00+00,2020/07/18 00:00:00+00,14,"Brush or brush-and-grass mixture fire
",1485,1485.075,1,1,,16996.49701,-9360859.627
21599,2020,CA,CDF,BEU,FRUDDEN,2608,2020/06/03 00:00:00+00,2020/06/04 00:00:00+00,14,"Grass fire
",43,43.21143,1,1,,2652.845246,-267048.2988
21600,2020,CA,CDF,BEU,JOHNSON,3810,2020/08/04 00:00:00+00,2020/08/05 00:00:00+00,14,"Forest, woods or wildland fire (timber)
",40,39.919762,1,1,,2822.623525,-250837.1068
21601,2020,CA,CDF,BEU,JULIUS,2280,2020/05/17 00:00:00+00,2020/05/17 00:00:00+00,11,	Grass fire,21.9,21.768511,1,1,,2165.334368,-135336.3188
21602,2020,CA,CDF,BEU,METZ,2404,2020/05/24 00:00:00+00,2020/05/24 00:00:00+00,2,"Brush or brush-and-grass mixture fire
",33,33.091808,1,1,,3239.205524,-207268.7061
21603,2020,CA,CDF,BEU,RICO,2986,2020/06/22 00:00:00+00,2020/06/23 00:00:00+00,11,"Grass fire
",11,11.01767,1,1,,7785.799561,-2094725.052
21604,2020,CA,CDF,BEU,RIVER,4024,2020/08/16 00:00:00+00,2020/09/04 00:00:00+00,1,"Brush or brush-and-grass mixture fire
",48088,50213.82,7,1,,188233.1559,-314948093.9
21605,2020,CA,CDF,BEU,VISTA,2966,2020/06/21 00:00:00+00,2020/06/22 00:00:00+00,11,"Grass fire
",28,27.802191,1,1,,2666.986283,-176097.0886
21606,2020,CA,CDF,BEU,STAGE,2963,2020/06/21 00:00:00+00,2020/06/22 00:00:00+00,7,"Brush or brush-and-grass mixture fire
",51,51.160118,1,1,,3336.97263,-322586.0845
21607,2020,CA,CDF,BEU,BITTERWATER,2677,2020/06/07 00:00:00+00,2020/06/08 00:00:00+00,11,"Grass fire
",211,210.5437,1,1,,6469.821062,-1313615.375
21608,2020,CA,CDF,BEU,BITTER,2847,2020/06/16 00:00:00+00,2020/06/20 00:00:00+00,10,"Brush or brush-and-grass mixture fire
",813,895.40503,1,1,,12797.67401,-5605739.706
21609,2020,CA,CDF,BEU,HUNTER,2957,2020/06/21 00:00:00+00,2020/06/25 00:00:00+00,4,"Brush or brush-and-grass mixture fire
",195,194.558,1,1,,6820.75933,-1201839.692
21610,2020,CA,CCO,VNC,HOLSER,66767,2020/08/17 00:00:00+00,2020/08/22 00:00:00+00,14,,3000,2188.634,7,1,,19186.82943,-13059172.32
21611,2020,CA,CCO,VNC,LIME,45754,2020/06/10 00:00:00+00,2020/06/17 00:00:00+00,14,,802,802.55371,7,1,,13860.1065,-4788548.071
21612,2020,CA,CCO,VNC,ELIZABETH,45530,2020/06/10 00:00:00+00,2020/06/13 00:00:00+00,14,More confident sketch reference to AVL,,298.95969,6,1,,6564.640207,-1778128.547
21613,2020,CA,CCO,VNC,PERKIN,102739,2020/12/08 00:00:00+00,2020/12/11 00:00:00+00,14,,50,39.82645,7,1,,2695.474566,-236398.921
21614,2020,CA,CCO,VNC,MEDIO,70334,2020/08/28 00:00:00+00,2020/08/28 00:00:00+00,14,,10,16.061001,7,1,,1272.472149,-95454.10565
21615,2020,CA,CCO,VNC,KUEHNER,53983,2020/07/07 00:00:00+00,2020/07/08 00:00:00+00,14,,19.5,19.375481,7,1,,1521.911819,-115102.8585
21616,2020,CA,CDF,SCU,SCU COMPLEX,5740,2020/08/16 00:00:00+00,2020/09/11 00:00:00+00,1,,,396399,2,1,,634336.3388,-2545883719
21617,2020,CA,CDF,SCU,PARK,4669,2020/07/04 00:00:00+00,2020/07/10 00:00:00+00,2,,,343,2,1,,7516.04467,-2186240.563
21618,2020,CA,CDF,SCU,CREWS,4686,2020/07/05 00:00:00+00,2020/07/15 00:00:00+00,8,,,5513,2,1,,45170.97856,-35060829.4
21619,2020,CA,CDF,MVU,VOLCANO,12575,2020/08/20 00:00:00+00,2020/08/22 00:00:00+00,9,,45,46.380001,1,1,,2163.211527,-270454.5897
21620,2020,CA,CDF,MVU,BORDER 7,8316,2020/06/11 00:00:00+00,2020/06/13 00:00:00+00,14,,90,71,1,1,,2918.53238,-403717.0454
21621,2020,CA,CDF,MVU,SKYLINE 3,8307,2020/06/11 00:00:00+00,2020/06/14 00:00:00+00,14,,100,79.949997,1,1,,4983.22669,-458460.9301
21622,2020,CA,CDF,MVU,WILLOWS,19271,2020/12/02 00:00:00+00,2020/12/03 00:00:00+00,14,,,58.150002,1,1,,4342.902697,-333622.3386
21623,2020,CA,CDF,MVU,BORDER 11,11169,2020/07/28 00:00:00+00,2020/07/30 00:00:00+00,14,,90,59.759998,1,1,,4060.841304,-341525.9388
21624,2020,CA,CDF,RRU,AIRPORT,154602,2020/12/01 00:00:00+00,2020/12/13 00:00:00+00,14,,1087,1085.7,2,1,,21111.07575,-6394320.592
21625,2020,CA,CDF,RRU,APPLE,96640,2020/07/31 00:00:00+00,2020/08/09 00:00:00+00,14,Auto-generated by EGP-IRWIN,,33209.309,2,1,,150101.1,-196145745.1
21626,2020,CA,CDF,RRU,CASINO,88099,2020/07/13 00:00:00+00,2020/07/13 00:00:00+00,7,,88,91.579002,7,1,,3965.862754,-534893.1911
21627,2020,CA,CDF,RRU,INDIAN,79585,2020/06/30 00:00:00+00,2020/06/30 00:00:00+00,14,,59,59.731522,1,1,,3773.599352,-349042.7631
21628,2020,CA,CDF,RRU,SANDERSON,160421,2020/12/13 00:00:00+00,2020/12/14 00:00:00+00,4,,1954,1954.651,7,1,,19690.78285,-11511422.76
21629,2020,CA,CDF,RRU,SIERRA,71265,2020/06/08 00:00:00+00,2020/06/08 00:00:00+00,8,,,39.022221,1,1,,6088.606313,-229655.7005
21630,2020,CA,CDF,RRU,SKYLINE,102838,2020/08/03 00:00:00+00,2020/08/16 00:00:00+00,14,,30,47.93214,1,1,,3076.177951,-281870.6881
21631,2020,CA,CDF,RRU,TRIPP,85986,2020/07/09 00:00:00+00,2020/07/09 00:00:00+00,14,,30,29.492149,1,1,,2363.208157,-172265.7453
21632,2020,CA,CDF,RRU,WATER,97597,2020/08/02 00:00:00+00,2020/08/02 00:00:00+00,14,,60,36.020378,7,1,,3032.668537,-212564.4755
21633,2020,CA,CCO,LAC,EQUESTRIAN,167541,2020/06/08 00:00:00+00,2020/06/09 00:00:00+00,11,,85,83.618767,1,1,,3815.298252,-499137.7246
21634,2020,CA,CCO,LAC,VISTA,172557,2020/06/12 00:00:00+00,2020/06/13 00:00:00+00,14,,19,19.69776,1,1,,1666.119837,-116613.9327
21635,2020,CA,CCO,LAC,SOLEDAD,197926,2020/07/05 00:00:00+00,2020/07/07 00:00:00+00,9,,1525.3,1525.5353,1,1,,23117.55826,-9101965.337
21636,2020,CA,CCO,LAC,RIDGE,222638,2020/07/27 00:00:00+00,2020/07/28 00:00:00+00,14,IRWIN ID BE918A6A-BC2E-4306-B328-0EE1D9CDC9BA,320,320.83929,7,1,,12353.96593,-1928676.703
21637,2020,CA,CCO,LAC,CASTAIC,228163,2020/08/01 00:00:00+00,2020/08/01 00:00:00+00,14,,178,178.31158,1,1,,6079.351514,-1066001.352
21638,2020,CA,CCO,LAC,PEAK,238836,2020/08/11 00:00:00+00,2020/08/11 00:00:00+00,10,,27.3,26.626781,1,1,,1871.154785,-158196.2005
21639,2020,CA,CCO,LAC,WEST,181840,2020/06/21 00:00:00+00,2020/06/21 00:00:00+00,14,,47,46.837547,1,1,,2371.90874,-281528.8587
21640,2020,CA,CCO,LAC,3 POINTS,198047,2020/07/05 00:00:00+00,2020/07/05 00:00:00+00,14,,14,11.786088,1,1,,1043.062499,-70801.62416
21641,2020,CA,USF,ANF,BOBCAT,3687,2020/09/06 00:00:00+00,2020/10/19 00:00:00+00,14,56C3E0AE-98EF-4433-863D-23A5DFF3D0C2,115796,115997.98,7,1,,433313.0739,-690091830.3
21642,2020,CA,CCO,LAC,ROCK,244876,2020/08/16 00:00:00+00,2020/08/16 00:00:00+00,14,,92,93.813538,1,1,,4348.263105,-555083.9766
21643,2020,CA,CCO,LAC,JOHNSON,259152,2020/08/28 00:00:00+00,2020/08/29 00:00:00+00,10,,290,291.94925,1,1,,7290.871992,-1750755.322
21644,2020,CA,CCO,LAC,QUAIL,306071,2020/10/09 00:00:00+00,2020/10/09 00:00:00+00,5,,13,12.858474,1,1,,1617.638377,-77284.2189
21645,2020,CA,CCO,LAC,RAYBURN,252458,2020/08/22 00:00:00+00,2020/08/22 00:00:00+00,14,,12.14,12.390579,1,1,,1417.429551,-74128.74636
21646,2020,CA,CCO,LAC,ACTON,293564,2020/09/28 00:00:00+00,2020/09/28 00:00:00+00,9,,2.51,13.841056,1,1,,1485.448423,-82643.69591
21647,2020,CA,CCO,LAC,SAN DIMAS,355402,2020/11/06 00:00:00+00,2020/11/06 00:00:00+00,7,,132,128.17087,7,1,,3681.258025,-759180.5609
21648,2020,CA,CDF,BEU,AIRLINE,6361,2020/12/25 00:00:00+00,2020/12/25 00:00:00+00,7,"Brush or brush-and-grass mixture fire
",62,62.407829,1,1,,5360.407905,-388882.1122
21649,2020,CA,CDF,LNU,HILL,11673,2020/07/24 00:00:00+00,2020/07/24 00:00:00+00,10,Matt Maxwell,140,139.13029,6,1,,4013.696165,-934300.1632
21650,2020,CA,CDF,LNU,BRIM,11354,2020/07/19 00:00:00+00,2020/07/19 00:00:00+00,9,Dennis Lange,21,21.92458,6,1,,2296.01739,-147766.6758
21651,2020,CA,CDF,LNU,SITES,12277,2020/08/02 00:00:00+00,2020/08/02 00:00:00+00,14,Jason Brown,,569.51288,1,1,,8133.105361,-3854750.732
21652,2020,CA,CDF,LNU,POPE,17668,2020/10/23 00:00:00+00,2020/10/23 00:00:00+00,10,Marc Hottendorf,61,61.800121,6,1,,3286.326297,-426249.7696
21653,2020,CA,CDF,LNU,LYONS,16978,2020/10/13 00:00:00+00,2020/10/13 00:00:00+00,10,Steve Hansen,25,25.58511,6,1,,2419.233863,-172188.1162
21654,2020,CA,CDF,LNU,SALT,16501,2020/10/05 00:00:00+00,2020/10/05 00:00:00+00,10,Carrie Pell,,86.663361,6,1,,4835.896323,-576695.603
21655,2020,CA,CDF,LNU,CATHOLIC,14325,2020/09/01 00:00:00+00,2020/09/01 00:00:00+00,10,Rion Allbaugh,22,22.2349,6,1,,1451.68021,-149261.9543
21656,2020,CA,CDF,LNU,URSULINE,15761,2020/09/21 00:00:00+00,2020/09/21 00:00:00+00,2,Brion Borba,11,11.89887,6,1,,1614.569736,-78948.84635
21657,2020,CA,CDF,LNU,SIERRA,7631,2020/05/24 00:00:00+00,2020/05/24 00:00:00+00,10,Scott Weese,17,17.39077,6,1,,1821.154772,-117854.627
21658,2020,CA,CDF,LNU,STAGE,15702,2020/09/23 00:00:00+00,2020/09/23 00:00:00+00,11,Scott Weese,26,26.568501,6,1,,2879.021708,-174493.5022
21659,2020,CA,CDF,LNU,INDIAN,14015,2020/08/26 00:00:00+00,2020/08/26 00:00:00+00,14,John Wilson,20,20.428049,1,1,,2058.552387,-137415.9471
21660,2020,CA,CDF,LNU,KIRKLAND,11819,2020/07/27 00:00:00+00,2020/07/27 00:00:00+00,11,Kole Oliver,21,21.017799,6,1,,1836.36067,-138551.0896
21661,2020,CA,CDF,LNU,PARISH,9816,2020/06/27 00:00:00+00,2020/06/27 00:00:00+00,14,Jordan Haley,,57.636189,6,1,,3209.251361,-377416.7147
21662,2020,CA,CDF,LNU,CACHE,10508,2020/07/06 00:00:00+00,2020/07/06 00:00:00+00,4,Zach Cartee,44,44.79924,6,1,,2862.177473,-298307.8407
21663,2020,CA,CDF,LNU,MOUNTAIN,9134,2020/06/17 00:00:00+00,2020/06/17 00:00:00+00,11,Shannon Tompson,28,28.20262,6,1,,2577.978049,-185579.5646
21664,2020,CA,CDF,LNU,MEYERS,13481,2020/08/17 00:00:00+00,2020/09/02 00:00:00+00,1,Part of the LNU LIGHTNING COMPLEX,,2360.249,7,1,,22388.50201,-15621426.32
21665,2020,CA,CDF,LNU,WALLBRIDGE,13407,2020/08/17 00:00:00+00,2020/09/02 00:00:00+00,1,Part of the LNU LIGHTNING COMPLEX,,55208.891,7,1,,157572.9083,-366514226.5
21666,2020,CA,CDF,LNU,HENNESSEY,13337,2020/08/17 00:00:00+00,2020/09/16 00:00:00+00,1,Part of the LNU LIGHTNING COMPLEX,305651,305351.59,7,1,,1008834.884,-2027266568
21667,2020,CA,CDF,LNU,GLASS,15497,2020/09/27 00:00:00+00,2020/10/20 00:00:00+00,14,J. Baldwin,,67484.344,7,1,,272074.1735,-447043238.8
21668,2020,CA,CDF,LNU,QUAIL,8419,2020/06/06 00:00:00+00,2020/06/18 00:00:00+00,14,J. Baldwin,1837,1840.998,7,1,,16855.23955,-12174059.33
21669,2020,CA,CDF,LNU,LAKEVILLE,8347,2020/06/05 00:00:00+00,2020/06/05 00:00:00+00,2,Brandon Bertolino,141,162.6378,6,1,,4456.877916,-1048803.68
21670,2020,CA,CDF,LNU,DUNFIELD,4174,2020/03/13 00:00:00+00,2020/03/13 00:00:00+00,5,Robert Tooker,19,21.917231,6,1,,1856.856932,-150780.4987
21671,2020,CA,CDF,LNU,SPANISH,7631,2020/05/24 00:00:00+00,2020/05/24 00:00:00+00,2,Brandon Bertolino,19,17.29933,6,1,,1342.050066,-115108.808
21672,2020,CA,CCO,MRN,DEVILS GULCH,2033,2020/08/16 00:00:00+00,2020/08/16 00:00:00+00,1,,17.2,16.945198,1,1,,2153.502821,-110702.9906
21673,2020,CA,DOD,MCP,INDIA,1474,2020/06/09 00:00:00+00,2020/06/14 00:00:00+00,9,,1100,959.2821,8,1,,15945.70344,-5579077.515
21674,2020,CA,USF,INF,IRIS,1585,2020/07/21 00:00:00+00,2020/08/04 00:00:00+00,1,2F06765D-5AE8-4BD0-AD8D-CACC59631D84,120,124.99821,8,1,,10749.2027,-805416.4064
21675,2020,CA,USF,MDF,DALTON ,498,2020/07/23 00:00:00+00,2020/08/15 00:00:00+00,1,9F9E1BE4-BE1A-4A44-AE9B-D38B9F4364C2,1367,1367.0776,3,1,,23649.39721,-9939544.861
21676,2020,CA,USF,MDF,ALLEN,470,2020/07/21 00:00:00+00,2020/08/27 00:00:00+00,1,A7920665-A4BB-47FA-871C-976D3213AB40,1035,1034.7943,3,1,,19543.30775,-7439245.478
21677,2020,CA,USF,INF,BEACH,2140,2020/08/16 00:00:00+00,2020/08/27 00:00:00+00,1,61092DF2-2505-4B5D-8CC5-D1896138C918,3780,3668.427,7,1,,33018.52124,-23903367.51
21678,2020,CA,USF,TNF,LOYALTON,1600,2020/08/14 00:00:00+00,2020/08/27 00:00:00+00,1,0896AFFE-7839-40D4-BA6D-407F47E4CAA6,47029,46720.883,8,1,,132036.5505,-319860110.4
21679,2020,CA,USF,PNF,SHEEP,1299,2020/08/17 00:00:00+00,2020/09/07 00:00:00+00,1,FB31F965-B88D-4C84-8B88-3241F38187CC,29570,29541.121,7,1,,123134.8698,-205912404.5
21680,2020,CA,USF,LPF,DOLAN,2428,2020/08/18 00:00:00+00,2020/12/31 00:00:00+00,14,F0A60F88-D1D5-4D86-8105-A3A06456B357,124924,124527.31,7,1,,255261.3971,-772950527.9
21681,2020,CA,USF,KNF,FOX,7241,2020/09/14 00:00:00+00,2020/09/28 00:00:00+00,4,C0DD9C3E-2CC6-486F-BA0B-2384310B0DF0,2188,2027.5526,3,1,,35565.75751,-14524107.96
21682,2020,CA,USF,SQF,SHOTGUN,2543,2020/08/19 00:00:00+00,2021/01/04 00:00:00+00,1,74F9525D-3F74-4353-87F1-94C819988153,841,840.85028,3,1,,23325.47131,-5256307.872
21683,2020,CA,USF,PNF,NORTH COMPLEX,1302,2020/08/17 00:00:00+00,2020/12/03 00:00:00+00,1,76D31198-0DB2-4ED3-8A95-85F24964E547,318776,318776.69,1,1,,515161.1407,-2183903307
21684,2020,CA,USF,SQF,CASTLE,2541,2020/08/19 00:00:00+00,2021/01/04 00:00:00+00,1,4CE00061-B897-49DC-8839-D08E040FF65D,174178,170647.84,7,1,,897716.7605,-1063135640
21685,2020,CA,USF,ENF,FORK,27219,2020/09/08 00:00:00+00,2020/11/08 00:00:00+00,14,D1A5A79C-0354-4C70-83EA-9A0F37488850,1673,1668.4493,7,1,,27875.0338,-11191288.76
21686,2020,CA,USF,LPF,COLEMAN,3161,2020/10/18 00:00:00+00,2020/11/15 00:00:00+00,14,DB0B9472-74B9-4D89-8E78-A792C26FE4F2,574,562.91351,8,1,,14566.24352,-3497453.663
21687,2020,CA,USF,ENF,POINT,32344,2020/10/26 00:00:00+00,2020/11/05 00:00:00+00,14,B58493C4-C2CA-495A-BCC7-1552EDE5632C,99,93.224159,8,1,,5586.636446,-625576.9544
21688,2020,CA,USF,SNF,CREEK,1391,2020/09/04 00:00:00+00,2020/12/24 00:00:00+00,14,33CBB9DC-6983-4F47-B821-9C9A6CAC381D,379895,379882.25,8,1,,1030210.522,-2435747264
21690,2020,CA,USF,SHF,BALD,1124,2020/07/28 00:00:00+00,2020/08/01 00:00:00+00,1,7CDE526C-9BA8-4661-B0E6-E2387CA3B631,18,17.92408,6,1,,1380.620548,-127838.6547
21691,2020,CA,USF,SHF,BRIDGE,1116,2020/07/27 00:00:00+00,2020/07/28 00:00:00+00,1,E8AC96E1-CEDD-4227-A969-EE0860404C8A,15,14.587055,6,1,,1611.808419,-103093.4456
21692,2020,CA,USF,PNF,IRON,1284,2020/08/17 00:00:00+00,2020/08/22 00:00:00+00,1,CE885535-6801-4E85-BDB2-FB9FFE8AA4BB,45,37.903561,7,1,,2710.740885,-262137.0035
21693,2020,CA,USF,SNF,BULLFROG,1402,2020/09/08 00:00:00+00,2020/11/09 00:00:00+00,14,0DF1645C-5A67-4734-89A6-172330D04945,1185,654.63953,7,1,,10191.63846,-4175193.861
21694,2020,CA,USF,SHF,FLAT,910,2020/06/30 00:00:00+00,2020/08/22 00:00:00+00,10,77C123FA-8E93-4B06-A946-5B97840748E4,62,62.040543,7,1,,4750.319092,-438504.7751
21695,2020,CA,USF,KNF,DEVIL,7084,2020/09/09 00:00:00+00,,14,C99607D1-B1D4-4FE3-9B28-36C315AC4306,8857,8871.9326,7,1,,108856.5948,-64904831.3
21696,2020,CA,USF,PNF,DAVIS 3,1529,2020/09/09 00:00:00+00,2020/09/09 00:00:00+00,7,89084B92-9F95-4DA8-BC63-60272876A7DD,11.1,11.434855,1,1,,1866.907672,-78674.25487
21697,2020,CA,USF,SHF,SPRING,1270,2020/08/17 00:00:00+00,2020/08/27 00:00:00+00,1,D9DBC051-7C60-4358-9E97-95416B68505E,230,228.83406,6,1,,5181.593242,-1601273.643
21698,2020,CA,USF,SHF,PINE,1120,2020/07/28 00:00:00+00,2020/07/30 00:00:00+00,1,082F5C5D-4474-4F48-BB68-6C7CC61EDE68,11.5,11.313715,7,1,,1486.618169,-80661.51055
21699,2020,CA,USF,PNF,FEATHER,1217,2020/08/13 00:00:00+00,2020/08/17 00:00:00+00,2,725CB3C8-884B-4891-B4B7-10E50A7D488B,39,39.704807,1,1,,5203.518928,-271903.3851
21700,2020,CA,BIA,HIA,MP 21,46,2020/07/20 00:00:00+00,,14,B50613CA-5644-4EED-B93B-64750EDB90C6,100,93.048347,8,1,,6223.195175,-665133.0296
21701,2020,CA,USF,MNF,ROCKWELL,746,2020/08/16 00:00:00+00,,14,10DCCB0C-1277-4541-93AD-44655DAB65C5,850,1438.9174,8,1,,12473.26556,-9844396.277
21702,2020,CA,USF,SHF,GIBSON,1029,2020/07/19 00:00:00+00,2020/07/20 00:00:00+00,9,833D5E28-A09F-40AE-AEE3-736DC278B503,42,41.670898,8,1,,3394.082272,-296706.3941
21703,2020,CA,USF,SHF,HOBO,1376,2020/09/01 00:00:00+00,2020/09/10 00:00:00+00,11,772CF11E-1F1E-4388-8F2A-17FB5ACA53EA,413,413.5249,8,1,,10122.19591,-2926304.909
21704,2020,CA,USF,SHF,HARRIS,545,2020/05/11 00:00:00+00,2020/05/11 00:00:00+00,2,FE860B69-5999-408E-A3AC-4D48908C0C5A,10.5,10.616562,6,1,,1092.24649,-76484.98445
21705,2020,CA,USF,STF,QUARTER,970,2020/06/20 00:00:00+00,2020/07/02 00:00:00+00,14,2B11FA90-FC28-4EFA-A3AB-2856032B3993,9.7,11.584814,1,1,,2009.123339,-75798.23744
21706,2020,CA,USF,PNF,ADAMS,976,2020/07/26 00:00:00+00,2020/07/31 00:00:00+00,1,2CC6120E-41E4-4BB6-817A-F99205B1ECB0,918,901.67236,2,1,,14572.36531,-6213201.722
21707,2020,CA,USF,KNF,SLATER,7035,2020/09/08 00:00:00+00,2020/12/12 00:00:00+00,14,24CDAB5C-7832-4546-BD05-15CC702A0326,157270,157429.77,3,1,,580102.5519,-1152491340
21708,2020,CA,BIA,HIA,JONES POINT,68,2020/08/08 00:00:00+00,,14,FC923CED-350C-452D-BC52-A87144539282,137,136.59273,8,1,,6422.525738,-972429.7056
21709,2020,CA,USF,PNF,COPPER,1331,2020/08/18 00:00:00+00,2020/08/22 00:00:00+00,1,0A58B53E-6401-419C-9AB7-EA18B822EF02,50,54.708214,7,1,,4405.754997,-379644.0473
21710,2020,CA,USF,PNF,BIRD,895,2020/07/21 00:00:00+00,2020/07/23 00:00:00+00,1,4841CD0B-D1AE-4489-9C20-B49126D14716,25,25.048098,1,1,,2078.422954,-173300.6973
21711,2020,CA,USF,SHF,BROCK,699,2020/06/04 00:00:00+00,2020/06/06 00:00:00+00,1,97F7909D-6756-4112-9CA8-13C9B1382429,15,14.988218,6,1,,1875.808859,-106066.8384
21712,2020,CA,USF,MNF,BASEBALL,144,2020/02/25 00:00:00+00,2020/03/03 00:00:00+00,18,F5F75E09-2582-4A05-99C2-E8395888D091,211,215.52542,8,1,,7197.504819,-1477447.49
21713,2020,CA,USF,LPF,RIDGE,1476,2020/06/17 00:00:00+00,2020/06/20 00:00:00+00,10,10FF2369-996F-44CB-99DB-C0D44476E4EE,83,82.712967,7,1,,4049.042638,-511365.7985
21714,2020,CA,USF,STF,BELL,1581,2020/07/28 00:00:00+00,,1,E943F585-FBCE-4DD4-97FA-743E3198FCDA,49.5,44.900581,1,1,,6226.611877,-294576.7008
21715,2020,CA,USF,BDF,BROOK,11349,2020/07/29 00:00:00+00,2020/08/01 00:00:00+00,9,230AFFAE-11AA-4B20-898B-E826A1A379EF,185,183.21275,8,1,,7953.742306,-1088039.607
21716,2020,CA,USF,ANF,LAKE,3273,2020/08/12 00:00:00+00,2020/08/30 00:00:00+00,14,"IRWINID BD5901D9-C99A-45CB-B799-F1CAD5F3EA4B,",31089,30999.387,7,1,,117870.1978,-185934914.6
21717,2020,CA,USF,ANF,RANCH2,3289,2020/08/13 00:00:00+00,2020/10/01 00:00:00+00,14,D3F5D9A5-75C8-4650-87CD-9C3E1051802D LACO # 241258,4237,4119.2031,7,1,,36629.8507,-24427703.46
21718,2020,CA,USF,CNF,VALLEY,2833,2020/09/05 00:00:00+00,2020/09/24 00:00:00+00,14,A55E40C0-7692-40CD-95ED-113D7936B7F7,16390,16389.529,3,1,,112779.7882,-94002680.79
21719,2020,CA,USF,ANF,MARTINDALE,3943,2020/09/28 00:00:00+00,2020/09/29 00:00:00+00,14,659B5A6A-A82D-45BF-979A-28A483CD36DB,230,233.34515,3,1,,6201.777625,-1395509.287
21720,2020,CA,USF,BDF,MOUNT R,9765,2020/07/03 00:00:00+00,2020/07/06 00:00:00+00,2,84B83EB3-38A8-42D7-A833-1C1770ADC57E,63,61.7701,1,1,,5096.232882,-366166.0362
21721,2020,CA,USF,BDF,ADOBE,6566,2020/05/07 00:00:00+00,2020/05/07 00:00:00+00,4,8AB1359D-E7B1-419C-A71F-481717A12B9E,15,15.183578,8,1,,1308.530254,-89918.67208
21722,2020,CA,USF,BDF,KENWOOD,11178,2020/07/26 00:00:00+00,2020/07/26 00:00:00+00,9,081A5BD5-13D9-4A82-9099-267FA45AB378,10,10.373266,6,1,,996.9470816,-61594.25814
21723,2020,CA,USF,BDF,EASTON,10757,2020/07/20 00:00:00+00,2020/07/21 00:00:00+00,7,0DF5AB25-54C0-4204-8805-DD73CAB54D4C,56.8,56.7985,8,1,,4628.908899,-336392.4716
21724,2020,CA,USF,ANF,LAGO,1463,2020/05/09 00:00:00+00,2020/05/09 00:00:00+00,2,0CC0E78B-6446-4532-AECE-EDAE20845713,21.5,16.890039,8,1,,1364.39909,-101283.9147
21725,2020,CA,NPS,MNP,BULL,13423,2020/09/05 00:00:00+00,2020/09/05 00:00:00+00,10,AFC018BF-96ED-4018-AB90-77E625432EA7,14,14.089686,8,1,,2031.575109,-86008.0224
21727,2020,CA,CDF,CNF,SOUTH MAIN,562,2020/03/06 00:00:00+00,,18,AB786D72-3C5C-4DC4-B8A8-6A39ED57B2A2,13,13.008093,6,1,,1663.422066,-76111.77463
21728,2020,CA,USF,BDF,PITMAN,20795,2020/12/26 00:00:00+00,2020/12/26 00:00:00+00,2,F1C60517-39A2-45E3-97CB-8A750626CF94,39.6,39.666241,7,1,,3027.958161,-235298.9764
21729,2020,CA,USF,LPF,GIFFORD ,1329,2020/06/08 00:00:00+00,2020/06/10 00:00:00+00,10,2DB299F1-751F-41CF-B4CE-E09D47EE3F67,16.8,16.801912,7,1,,2249.649291,-101776.9826
21730,2020,CA,USF,SNF,HOG,593,2020/06/12 00:00:00+00,2020/06/18 00:00:00+00,14,3C6DF595-A065-459D-8642-4129FA14C7C5,533,527.48773,6,1,,7973.111745,-3342182.142
21731,2020,CA,USF,LNF,H - 8 WELL,4096,2020/07/26 00:00:00+00,,1,83A7400A-E213-4516-8F36-B69BC6702B84,61,60.990635,1,1,,4679.540373,-430788.1267
21732,2020,CA,USF,LNF,L-2 YELLOW,4094,2020/07/26 00:00:00+00,,1,80E97B59-D139-4241-B294-D61665641A6A,14.9,14.904045,8,1,,1563.045152,-103355.9728
21733,2020,CA,USF,ANF,DAM,3063,2020/07/30 00:00:00+00,2020/10/01 00:00:00+00,14,CA55F7D5-9C4C-4901-AFE4-6D8B24039E39 LACO #225728,,226.36575,1,1,,5915.385827,-1341769.257
21734,2020,CA,USF,MDF,FLAT,522,2020/07/25 00:00:00+00,2020/08/06 00:00:00+00,14,FBCCA218-1030-4BE3-B63D-1979A182AE68,14.77,13.647885,8,1,,1682.473732,-99102.47039
21735,2020,CA,USF,SNF,TRIMMER,1160,2020/08/03 00:00:00+00,2020/09/01 00:00:00+00,14,C6C8DEA1-C739-4B3D-AB7A-5F691F282396,600,593.86456,8,1,,10322.53487,-3765339.022
21736,2020,CA,USF,TNF,BAKER,199,2020/03/03 00:00:00+00,2020/03/07 00:00:00+00,5,C5F7BC6B-1B48-472A-93AE-D4EBD66B324B,42,47.618286,6,1,,3530.698309,-323691.3793
21737,2020,CA,BLM,CDD,TRAMWAY,9569,2020/06/29 00:00:00+00,2020/06/29 00:00:00+00,2,1E11BA2D-D6BE-4401-8A81-6DE62D685D74,16,11.13794,8,1,,2049.900304,-65508.1553
21738,2020,CA,CDF,RRU,SNOW,119353,2020/09/17 00:00:00+00,2020/09/24 00:00:00+00,10,IRWINID FFCB89F5-98FB-4C3A-9554-3D1554181A63,6254,6253.437,2,1,,48686.07831,-36805044.77
21739,2020,CA,CDF,RRU,OAKS,71224,2020/06/08 00:00:00+00,,9,AE8BF765-14A3-4E98-9930-C0A0BC081A60,16.6,16.569908,8,1,,1567.898459,-97329.45492
21740,2020,CA,USF,INF,PUMICE ,1038,2020/06/15 00:00:00+00,2020/06/21 00:00:00+00,1,8E42BD34-55D1-4B19-BB9B-31E6A0942EE0,40,42.174042,8,1,,3403.530852,-277498.1442
21741,2020,CA,USF,MNF,NAIL,539,2020/07/07 00:00:00+00,2020/07/10 00:00:00+00,14,CBD25C04-DEC0-49AA-9287-C7C293F265D6,15,14.590237,8,1,,1577.041396,-98873.7204
21742,2020,CA,USF,KNF,LITTLE SODA,5727,2020/07/28 00:00:00+00,,14,45235477-D720-496D-83F0-0471DDC3D4FB,,53.089397,8,1,,3858.944253,-388742.5556
21743,2020,CA,USF,MNF,AUGUST COMPLEX FIRES,8864,2020/08/16 00:00:00+00,2020/11/11 00:00:00+00,1,92D7C097-9C52-4824-A261-B0BD6F932EF3,,1032699,3,1,,1695542.555,-7116307899
21744,2020,CA,USF,LNF,STUMP,4290,2020/08/01 00:00:00+00,2020/08/11 00:00:00+00,14,2B665661-1531-42FB-A3A8-5C42DD87200C,684,325.41217,8,1,,8490.008298,-2269874.875
21745,2020,CA,CDF,LMU,HOG,3874,2020/07/18 00:00:00+00,2020/08/28 00:00:00+00,14,795DCBB1-F228-4F7B-9C92-14999DC4B397,9564,9566.3555,7,1,,85678.34404,-66866941.22
21746,2020,CA,USF,TNF,ANTELOPE,141,2020/02/17 00:00:00+00,2020/02/18 00:00:00+00,5,0B11F84F-5759-4B10-854E-5672B8415048,,101.76651,8,1,,4195.576081,-695930.9505
21747,2020,CA,USF,SQF,FISH CREEK,2565,2020/08/21 00:00:00+00,,1,116030E9-4A65-4E39-96F8-253BE5F2A6B3,29,29.782696,8,1,,2783.08918,-184664.9086
21748,2020,CA,USF,SRF,RED SALMON COMPLEX,643,2020/07/27 00:00:00+00,2020/11/19 00:00:00+00,1,599BC281-404B-4F3E-BE7F-9A8F7B3E9E56,142386,143836.33,8,1,,464942.0252,-1026602328
21749,2020,CA,USF,LPF,33,1105,2020/05/22 00:00:00+00,2020/05/24 00:00:00+00,2,DB2A6D4B-5216-4325-A86B-0469579E7AC2,33.62,33.667461,1,1,,3052.428607,-202790.2248
21750,2020,CA,CCO,LAC,ELSMERE,230295,2020/08/03 00:00:00+00,2020/08/03 00:00:00+00,14,57EB6874-9A95-46D5-B89F-44ECBBC1D67D,,159.20557,8,1,,8008.788574,-947991.448
21751,2020,CA,USF,SQF,MESA,3783,2020/01/21 00:00:00+00,,14,31581784-9915-48C4-80E2-F9858381E414,,100.555,8,1,,4212.912794,-617535.827
21752,2020,CA,USF,ANF,ROWHER,2440,2020/07/01 00:00:00+00,2020/07/09 00:00:00+00,7,F847702C-2B8A-4AA7-9024-06DBB35415AF,648,648.18085,7,1,,17177.21978,-3876623.884
21753,2020,CA,USF,ANF,TEXAS,3165,2020/08/06 00:00:00+00,2020/08/11 00:00:00+00,2,IRWIN ID 0A96B82F-798A-4368-B6BC-3296B209D7B1 ,210,209.9507,3,1,,7050.448059,-1253999.854
21754,2020,CA,USF,HTF,MURPHY,30282,2020/06/15 00:00:00+00,2020/06/16 00:00:00+00,14,145D3D44-4910-4716-95C0-9029F541610E,13.26,12.086476,1,1,,2712.269198,-79680.17195
21755,2020,CA,NPS,YNP,BLUEJAY,54,2020/07/25 00:00:00+00,2020/11/19 00:00:00+00,1,,6922,6921.9873,7,2,,55875.1321,-44992208.05
21756,2020,CA,NPS,BNP,CALDWELL,479,2020/07/22 00:00:00+00,2020/09/01 00:00:00+00,1, ,80859,81224.367,7,1,,236072.5003,-590731985.5
21757,2020,CA,NPS,MNP,DOME,12356,2020/08/15 00:00:00+00,2020/09/12 00:00:00+00,1,Auto-generated by EGP-IRWIN,43273,44211.086,8,1,,94295.13924,-269171466.5
21758,2020,CA,NPS,YNP,HORSE,89,2020/08/23 00:00:00+00,2020/11/19 00:00:00+00,1, ,30,30.192381,1,2,,5326.920237,-195135.9284
21759,2020,CA,NPS,MNP,IVANPAH,9202,2020/06/22 00:00:00+00,2020/06/26 00:00:00+00,8,Auto-generated by EGP-IRWIN,1088,1051.4816,8,1,,12295.63866,-6385724.915
21760,2020,CA,NPS,KNP,MORAINE,91,2020/08/21 00:00:00+00,2020/12/29 00:00:00+00,1, ,1316,1316.0328,2,1,,15529.47741,-8306597.401
21761,2020,CA,NPS,YNP,NORTH WHIZZ DOME,92,2020/08/25 00:00:00+00,2020/11/19 00:00:00+00,1, ,,199.98155,7,2,,5300.896432,-1301046.361
21762,2020,CA,NPS,KNP,RATTLESNAKE,80,2020/08/16 00:00:00+00,2020/12/28 00:00:00+00,1,estimate based on satellite heat since 21 NOV,8419,8422.8369,7,2,,142312.8367,-52760004.88
21763,2020,CA,NPS,CNP,SCORPION,1216,2020/05/31 00:00:00+00,2020/06/05 00:00:00+00,2, ,1395,1320.7233,1,1,,28437.06377,-7802740.039
21764,2020,CA,NPS,YNP,WOLF,75,2020/08/10 00:00:00+00,2020/11/19 00:00:00+00,1, ,2057,2057.2883,7,2,,23606.28773,-13386476.64
21765,2020,CA,NPS,RNP,WOODWARD,12009,2020/08/18 00:00:00+00,2020/11/20 00:00:00+00,1, ,4929,4901.7075,7,1,,38442.99328,-32017438.87
21766,2020,CA,BLM,LPF,166,2212,2020/08/03 00:00:00+00,2020/08/04 00:00:00+00,14,ea99a9db-a3d1-485d-9b7d-5eb150249e13,,120.71979,1,1,,4938.812417,-728607.069
21767,2020,CA,BLM,CND,AURORA,1190,2020/06/26 00:00:00+00,2020/07/02 00:00:00+00,1,ad2062fe-edf5-4cae-ad0b-3752074efd4a,,238.28296,7,1,,9380.459453,-1567149.169
21768,2020,CA,BLM,CCD,BACCARAT,30788,2020/10/04 00:00:00+00,2020/10/11 00:00:00+00,14,a3e0e911-3411-46a6-8928-97727db86bb9,,10456.363,2,1,,48876.51909,-71729594.31
21769,2020,CA,BLM,CDD,BARNES,13077,2020/08/30 00:00:00+00,2020/09/02 00:00:00+00,14,B0460772-24C5-427E-9CA4-CB68CC845DF7,,79.417114,4,1,,3394.956152,-473966.162
21770,2020,CA,BLM,CND,BASIC,1515,2020/06/24 00:00:00+00,2020/06/24 00:00:00+00,1,b0b3d946-7db6-42d5-9a23-0d90d80ee15c,,116.17731,7,1,,5144.109807,-702693.1927
21771,2020,CA,BLM,CDD,ELLIOT,10135,2020/07/07 00:00:00+00,2020/07/13 00:00:00+00,14,DA13F2E5-F52A-4168-A1B0-9282ABA7F5C9,,102.64131,7,1,,5400.210928,-587306.4785
21772,2020,CA,BLM,CCD,HILL,30331,2020/06/23 00:00:00+00,2020/06/25 00:00:00+00,1,dd3bbded-7cf3-4a79-bc0f-76b67bc94e05,,63.227016,1,1,,4078.117613,-433835.0086
21773,2020,CA,BLM,NOD,HORN,2791,2020/06/02 00:00:00+00,2020/06/03 00:00:00+00,14,95E9F219-3663-422C-AA7B-C228127B327B,,25.201567,1,1,,3307.505489,-178314.5223
21774,2020,CA,BLM,NOD,LAURA 2,6431,2020/11/17 00:00:00+00,2020/11/23 00:00:00+00,14,640FD5AB-A721-41FB-97AF-64D45210D561,,2729.0164,7,1,,54526.19056,-18876446.25
21775,2020,CA,BLM,CND,MOUNTAIN VIEW,30860,2020/11/17 00:00:00+00,2020/11/30 00:00:00+00,14,54D7D11C-04DF-418A-9D22-9249FF56A4B8,,20374.488,2,1,,71386.55605,-135042607.6
21776,2020,CA,BLM,CDD,NADEAU,11339,2020/07/29 00:00:00+00,2020/08/04 00:00:00+00,14,de1057cc-f14b-4352-b80d-75c93219e9ed,,9150.3682,7,1,,81985.60845,-56715274.25
21777,2020,CA,BLM,CCD,NORTH,30547,2020/08/02 00:00:00+00,2020/08/10 00:00:00+00,10,cd8d2f6a-ba50-43cf-a62f-894091d839cc,,6882.2671,7,1,,55841.28808,-47310873.49
21778,2020,CA,BLM,NOD,R-1 MAPES,4515,2020/08/10 00:00:00+00,2020/08/13 00:00:00+00,1,8218ebdb-b418-4db6-89cd-ed6d2b85976e,,258.95712,4,1,,10098.68736,-1817475.847
21779,2020,CA,BLM,NOD,R-3 LITTLE FREDOYNER,3966,2020/07/21 00:00:00+00,2020/07/26 00:00:00+00,1,201aa948-dd76-48ac-b111-48f30ef084c9,,187.34305,1,1,,6833.524495,-1319820.999
21780,2020,CA,BLM,NOD,R-2 TRUMBULL,3281,2020/06/23 00:00:00+00,2020/06/28 00:00:00+00,1,54629DE8-0E93-4F7D-B8D3-EF06771FDAF1,,576.65857,1,1,,15222.41121,-4040625.447
21781,2020,CA,BLM,NOD,R-3 SKEDDADLE,3282,2020/06/23 00:00:00+00,2020/06/28 00:00:00+00,1,FA2F7C84-E166-4FCF-A37A-2E68A4EAD7B7,,197.50694,1,1,,11419.16818,-1376990.237
21782,2020,CA,BLM,NOD,R-5 SNOWSTORM,4682,2020/08/17 00:00:00+00,2020/08/18 00:00:00+00,1,9281756E-072A-4BBB-809B-8F49DBB063B2,,471.72025,4,1,,12670.0493,-3314899.769
21783,2020,CA,BLM,NOD,R-5 DRY,3294,2020/06/23 00:00:00+00,2020/06/28 00:00:00+00,1,81332DC6-362A-45A7-BE0C-AFE3D96FB696,,45.455322,1,1,,3922.004981,-316572.4317
21784,2020,CA,BLM,NOD,R-8 PINECODE,4854,2020/08/24 00:00:00+00,2020/08/29 00:00:00+00,1,2b5e95a0-375c-41fb-a895-0bee6f22e4ec,,566.49243,7,1,,13005.85523,-4002114.365
21785,2020,CA,BLM,CCD,RAILROAD,30327,2020/06/23 00:00:00+00,2020/06/25 00:00:00+00,1,60241fca-d61e-4d42-8f5e-e316aae988fb,,131.87671,1,1,,4927.756382,-904462.7124
21786,2020,CA,USF,HTF,SLINK,30684,2020/08/29 00:00:00+00,2020/11/13 00:00:00+00,14,4de3802a-339c-4f3d-bd9a-61d55e9d2aa5,,26751.678,7,1,,120615.4476,-177137742.9
21787,2020,CA,BLM,CDD,SMOKETREE,8157,2020/06/02 00:00:00+00,2020/06/05 00:00:00+00,8,ERWIN ID A3E90E77-8247-4CE1-9A21-EAC2200DEB49,,129.99387,7,1,,4593.449565,-763479.7902
21789,2020,CA,BLM,CDD,STANDING ROCK,10671,2020/07/19 00:00:00+00,2020/07/20 00:00:00+00,14,922902bf-fa1d-4f19-b618-61fbe308a84b,,90.211731,4,1,,7007.208039,-539748.1419
21790,2020,CA,BLM,NOD,W-4 TERMO,4700,2020/08/17 00:00:00+00,0202/08/20 00:00:00+00,1,43985cf5-8a70-43d3-9610-298036d27ba1,,265.58286,4,1,,13848.35429,-1883874.851
21791,2020,CA,BLM,NOD,W-5 COLD SPRINGS,4727,2020/08/18 00:00:00+00,2020/09/13 00:00:00+00,1,0afebc32-36ee-4fa8-aec5-419c9c6ba51d,,84817.273,7,1,,218761.3435,-604907699.6
21792,2020,CA,BLM,NOD,WOOD,1061,2020/02/23 00:00:00+00,2020/02/23 00:00:00+00,5,C1EFD32D-BACB-42FA-98E4-0C0F3CC893CD,,54.357075,6,1,,2872.6431,-382484.04
21793,2020,CA,BLM,CND,BEND,1537,2020/06/25 00:00:00+00,2020/06/27 00:00:00+00,14,25592D78-D7CB-4474-8812-583103B9810F,,264.31039,7,1,,8049.680724,-1609880.951
21794,2020,CA,BLM,CND,LULU,1577,2020/06/28 00:00:00+00,2020/06/28 00:00:00+00,14,EB24C3F8-FF61-405E-AF2C-D0B09F9D24C9,,11.384338,7,1,,1970.510506,-69067.76192
21795,2020,CA,BLM,CDD,ORANGE,14150,2020/09/19 00:00:00+00,2020/10/06 00:00:00+00,14,0204FA94-D6B9-4347-8CFB-62D2E8402657,,35.979053,6,1,,3375.206663,-212844.8169
21796,2020,CA,BLM,,PARKER DAM,87,2020/02/17 00:00:00+00,2020/02/24 00:00:00+00,9,673F3B96-E4DE-4B21-8D41-06BD6410F2BF,,13.992156,6,1,,1893.315273,-83136.42053
21797,2020,CA,BLM,NOD,R-6 TUNNISON,4098,2020/07/28 00:00:00+00,2020/07/30 00:00:00+00,1,9FC0850E-F026-4E9B-8904-D584F1CFF388,,175.14735,7,1,,5068.737188,-1227196.257
21798,2020,CA,BLM,CND,PINEY,897,2020/05/11 00:00:00+00,2020/05/23 00:00:00+00,2,4C0A6134-F820-4881-84EA-BBB778598F80,,21.870525,1,1,,2685.9398,-134344.5459
21799,2020,CA,BLM,CDD,CIMA,13335,2020/09/04 00:00:00+00,2020/09/06 00:00:00+00,14,76F7BBE5-CC97-4A6D-B846-3E184D88ACE1,,32.435482,1,1,,3584.988413,-198352.6202
21800,2020,CA,BLM,CDD,MYER,8651,2020/06/12 00:00:00+00,2020/06/14 00:00:00+00,2,7D8619CE-952D-423B-97B8-18B827B1FC14,,12.894852,1,1,,2477.694012,-73799.40176
21801,2020,CA,BLM,CND,STANDARD,1777,2020/07/05 00:00:00+00,2020/07/05 00:00:00+00,14,DADB52C0-D068-4667-9F01-1BA73E4072ED,,23.779846,1,1,,2905.421948,-145240.63
21802,2020,CA,BLM,,AHA MACAV,207928,2020/09/11 00:00:00+00,2020/09/11 00:00:00+00,9,fireworks,42,42.103676,8,1,,3502.269874,-254583.6168
21803,2020,CA,BLM, ,POWER,726,2020/05/29 00:00:00+00,2020/06/12 00:00:00+00,14,"A9DEF076-AD6C-49AD-98C1-400EC54DAD34
",18,17.045601,1,1,,1788.22586,-97760.85556
21804,2020,CA,DOD,MCP,CREEK 5,20846,2021/12/30 00:00:00+00,2021/12/31 00:00:00+00,14,,,3052.1724,8,1,,30411.79422,-17761235.52
21805,2020,CA,USF,BDF,EL DORADO,129925,2020/09/05 00:00:00+00,2020/11/16 00:00:00+00,14,,22744,,2,1,,116688.8401,-133129604.2
21806,2020,CA,CDF,CZU,BRUNO,1332,2020/02/28 00:00:00+00,2020/02/28 00:00:00+00,7,,5,6.7896652,1,1,,915.53907,-43968.58067
21807,2020,CA,CCO,ORC,LIVE OAK,20094983,2020/08/22 00:00:00+00,2020/08/22 00:00:00+00,10, ,1.79,1.6696894,1,1,,639.0868997,-9782.49385
21808,2020,CA,CDF,ORC,WILLIAMS,20088756,2020/08/07 00:00:00+00,2020/08/08 00:00:00+00,2, ,12.1,7.8091197,1,1,,1017.77717,-45806.50785
21809,2020,CA,CCO,ORC,HIGHLAND,20103543,2020/09/12 00:00:00+00,2020/09/12 00:00:00+00,14, ,5,1.1543884,1,1,,422.2356145,-6740.50925
21810,2020,CA,CCO,ORC,WINDY RIDGE FIRE,20086007,2020/07/31 00:00:00+00,2020/07/31 00:00:00+00,14, ,0,1.742758,1,1,,605.6269772,-10249.5121
21811,2020,CA,CCO,ORC,NICHOLS,20077201,2020/07/09 00:00:00+00,2020/07/10 00:00:00+00,3, ,7.4,8.1194162,1,1,,1127.394562,-47444.4986
21812,2020,CA,CCO,ORC,LAGUNA,20066376,2020/06/12 00:00:00+00,2020/06/12 00:00:00+00,10, ,6.7,7.1623616,1,1,,1951.17456,-41901.49425
21813,2020,CA,CDF,SKU,GUYS,1500,2020/02/27 00:00:00+00,2020/02/27 00:00:00+00,5,,2.8,2.80249,1,1,,847.719183,-20313.59979
21814,2020,CA,CDF,SKU,ORR,4371,2020/06/18 00:00:00+00,2020/06/18 00:00:00+00,2,,3,3.503062,1,1,,644.6622742,-25465.04971
21815,2020,CA,CDF,SKU,LIBERTY,5419,2020/07/20 00:00:00+00,2020/07/20 00:00:00+00,14,,8,8.0555944,1,1,,1378.939692,-58474.10997
21816,2020,CA,CDF,SKU,MARTIN,5914,2020/08/02 00:00:00+00,2020/08/02 00:00:00+00,11,,2,2.3604331,1,1,,736.9949013,-17085.16134
21817,2020,CA,CDF,SKU,SPRING,2451,2020/04/03 00:00:00+00,2020/04/03 00:00:00+00,5,,1.7,1.7493327,1,1,,498.7600205,-12521.4607
21818,2020,CA,CDF,SKU,RED 3-1,5564,2020/07/24 00:00:00+00,2020/07/24 00:00:00+00,1,,2,1.2882109,1,1,,401.9563292,-9374.168329
21819,2020,CA,CDF,SKU,NOYES 1-14,5720,2020/07/28 00:00:00+00,2020/07/28 00:00:00+00,1,,8,8.1201305,5,1,,1083.497926,-58507.50272
21820,2020,CA,CDF,SKU,MOFFETT,4369,2020/06/18 00:00:00+00,2020/06/18 00:00:00+00,2,,1,1.070461,1,1,,341.0025937,-7759.691744
21821,2020,CA,CCO,KRN,SIERRA,2022641,2020/06/06 00:00:00+00,2020/06/06 00:00:00+00,14,,1.13498506,1.1342443,1,1,,497.9995196,-6986.30433
21822,2020,CA,CCO,KRN,CROSS,2023544,2020/06/11 00:00:00+00,2020/06/11 00:00:00+00,14,,6.081597924,6.0815964,1,1,,804.7654223,-36961.96279
21823,2020,CA,CCO,KRN,EXTENSION INC,2029285,2020/07/12 00:00:00+00,2020/07/11 00:00:00+00,14,,3.246279443,3.2462783,1,1,,643.1194961,-19846.06792
21824,2020,CA,CCO,KRN,CAMELOT ,2029945,2020/07/15 00:00:00+00,2020/07/15 00:00:00+00,14,,9.619668542,9.6194544,1,1,,1464.915279,-58281.18569
21825,2020,CA,CCO,KRN,,2029986,2020/07/16 00:00:00+00,2020/07/16 00:00:00+00,14,,1.410282336,1.4102824,1,1,,398.9037534,-8607.034895
21826,2020,CA,CCO,KRN,,2029923,2020/07/15 00:00:00+00,2020/07/15 00:00:00+00,14,,1.805341174,1.8073028,1,1,,526.383828,-10968.23235
21827,2020,CA,CCO,KRN,OUTLET,2029995,2020/07/16 00:00:00+00,2020/07/16 00:00:00+00,14,SRA,1.066875002,1.0668746,1,1,,596.1570218,-6444.55181
21828,2020,CA,CCO,KRN,178,2031741,2020/07/25 00:00:00+00,2020/07/25 00:00:00+00,14,,7.222465383,7.2224646,1,1,,1326.498512,-44084.92131
21829,2020,CA,CCO,KRN,TRAIL,2033316,2020/08/03 00:00:00+00,2020/08/03 00:00:00+00,14,,2.476839583,2.4768927,1,1,,745.0327256,-15057.21563
21830,2020,CA,CCO,KRN,,2027852,2020/07/04 00:00:00+00,2020/07/04 00:00:00+00,14,,9.32473901,9.183176,1,1,,1003.400521,-56002.55555
21831,2020,CA,CCO,KRN,WOFFORD ,2042294,2020/09/28 00:00:00+00,2020/09/28 00:00:00+00,14,,5.788863547,5.7888613,1,1,,788.0943571,-35604.81629
21832,2020,CA,CCO,KRN,SABODAN,2045671,2020/10/20 00:00:00+00,2020/10/20 00:00:00+00,14,,3.024409749,3.0244088,1,1,,752.0614372,-18291.76676
21833,2020,CA,CDF,MMU,DONALD,12523,2020/06/18 00:00:00+00,2020/06/18 00:00:00+00,7,3 commercial structures,2,1.3796597,1,1,,380.5826396,-8933.694862
21834,2020,CA,CCO,SBC,MOCKINGBIRD,2012134,2020/06/12 00:00:00+00,2020/06/12 00:00:00+00,7,SBC 6643 - incident in high public view,9,8.8859911,1,1,,1631.698545,-52979.10357
21835,2020,CA,CCO,SBC,RANCHO,2016069,2020/08/02 00:00:00+00,2020/08/02 00:00:00+00,11,SBC 8796,1.5,1.5328448,1,1,,546.4062576,-9229.66478
21836,2020,CA,CDF,SLU,HUASNA,5504,2020/05/05 00:00:00+00,2020/05/05 00:00:00+00,5,Escaped Pile Burn,2,1.8204389,1,1,,498.9557163,-11021.98271
21837,2020,CA,CDF,SLU,BISHOP,6447,2020/05/26 00:00:00+00,2020/05/26 00:00:00+00,14,Human Caused,1.54,1.470372,1,1,,586.0707742,-8954.816054
21838,2020,CA,CDF,SLU,CAMATTA,7313,2020/06/13 00:00:00+00,2020/06/13 00:00:00+00,11,,2,2.1390364,1,1,,582.3349399,-13087.43037
21839,2020,CA,CDF,SLU,DAIRY,7813,2020/06/23 00:00:00+00,2020/06/23 00:00:00+00,2,Electrical Power,3,2.5821803,1,1,,839.6045176,-15738.18819
21840,2020,CA,CDF,SLU,FARM,7726,2020/06/21 00:00:00+00,2020/06/21 00:00:00+00,2,Mowing ,2,2.241039,6,1,,464.6600929,-13626.50264
21841,2020,CA,CDF,SLU,LINNE,6576,2020/05/29 00:00:00+00,2020/05/29 00:00:00+00,11,Power pole blown in wind,6,6.545331,1,1,,964.076872,-40162.79908
21842,2020,CA,CDF,SLU,JACK,7272,2020/06/12 00:00:00+00,2020/06/12 00:00:00+00,14,,6,5.7979832,1,1,,1180.389942,-35676.15928
21843,2020,CA,CDF,SLU,SHERRY,6979,2020/06/07 00:00:00+00,2020/06/07 00:00:00+00,2,,1,1.0090965,1,1,,320.3546528,-6199.036602
21844,2020,CA,CDF,SLU,CAMATTA,8623,2020/07/08 00:00:00+00,2020/07/08 00:00:00+00,2,,8,7.9101806,1,1,,1367.624296,-48416.88186
21845,2020,CA,CDF,SLU,VENICE,8775,2020/07/11 00:00:00+00,2020/07/11 00:00:00+00,2,Lawn Mower,3,3.3597906,1,1,,816.4412876,-20581.6133
21846,2020,CA,CDF,SLU,MACK,8799,2020/07/11 00:00:00+00,2020/07/11 00:00:00+00,10,,1,1.2023542,1,1,,343.9426601,-7370.840849
21847,2020,CA,CDF,SLU,WEBSTER,8567,2020/07/06 00:00:00+00,2020/07/06 00:00:00+00,8,Fire Works,4,4.8722167,1,1,,1122.813971,-29807.05469
21848,2020,CA,CDF,SLU,SHED,10066,2020/08/05 00:00:00+00,2020/08/05 00:00:00+00,10,,5,6.066731,6,1,,891.8862491,-37202.95834
21849,2020,CA,CDF,SLU,CREEK,6543,2020/05/28 00:00:00+00,2020/05/28 00:00:00+00,10,,2,2.014056,6,1,,570.6813729,-12310.30199
21850,2020,CA,CDF,SLU,MUSTARD,8754,2020/07/10 00:00:00+00,2020/07/10 00:00:00+00,11,Bird Strike,2,1.8068277,1,1,,668.0459461,-11103.30127
21851,2020,CA,CDF,SLU,RESERVOIR,14468,2020/11/02 00:00:00+00,2020/11/02 00:00:00+00,8,,8,8.0318632,1,1,,1039.327264,-48884.49117
21852,2020,CA,CDF,SLU,PRICE,6674,2020/05/31 00:00:00+00,2020/05/31 00:00:00+00,10,,1,1.0575446,6,1,,301.8261632,-6419.937111
21853,2020,CA,CDF,SLU,RANCHO,6660,2020/05/31 00:00:00+00,2020/05/31 00:00:00+00,5,,2,2.2681792,1,1,,832.9985116,-13893.36554
21854,2020,CA,CDF,SLU,LAGO,7007,2020/06/07 00:00:00+00,2020/06/07 00:00:00+00,14,,2.6,2.8148341,1,1,,725.9166063,-17098.39461
21855,2020,CA,CDF,SLU,TORO,7099,2020/06/09 00:00:00+00,2020/06/09 00:00:00+00,11,,2,2.0162544,6,1,,462.1378218,-12310.65183
21856,2020,CA,CDF,SLU,CHOLAME,10749,2020/08/18 00:00:00+00,2020/08/18 00:00:00+00,14,,3,3.2303426,1,1,,1302.210522,-19902.25429
21857,2020,CA,CDF,SLU,TOPAZ,8346,2020/07/03 00:00:00+00,2020/07/03 00:00:00+00,11,Electrical power,6,6.8947678,1,1,,953.3101944,-42062.3441
21858,2020,CA,CDF,SLU,GREEN,8873,2020/07/12 00:00:00+00,2020/07/12 00:00:00+00,10,,6,6.0770564,6,1,,772.6584469,-37234.11079
21859,2020,CA,CDF,SLU,DAVIS,9232,2020/07/19 00:00:00+00,2020/07/19 00:00:00+00,10,,3,3.2562845,6,1,,1958.747247,-20046.00699
21860,2020,CA,CDF,SLU,MEADOW,9368,2020/07/22 00:00:00+00,2020/07/22 00:00:00+00,8,,5,5.0337672,6,1,,639.2592509,-30598.81057
21861,2020,CA,CDF,SLU,LUCY,12966,2020/10/02 00:00:00+00,2020/10/02 00:00:00+00,14,Investigation,,2.1383507,6,1,,594.7203897,-13150.0481
21862,2020,CA,CDF,SLU,HILLS,10322,2020/08/11 00:00:00+00,2020/08/11 00:00:00+00,10,,1.05,1.175157,6,1,,362.3840256,-7133.754533
21863,2020,CA,CDF,SLU,SPRING,10366,2020/08/12 00:00:00+00,2020/08/12 00:00:00+00,10,,3,3.9584377,6,1,,938.0451171,-24317.15649
21864,2020,CA,CDF,SLU,IV_1,10554,2020/08/15 00:00:00+00,2020/08/15 00:00:00+00,1,,3,3.0492749,1,1,,652.9078389,-18594.52031
21865,2020,CA,CDF,SLU,BRIDLE,10618,2020/08/16 00:00:00+00,2020/08/16 00:00:00+00,1,,2,2.0577338,6,1,,443.2807054,-12664.34813
21866,2020,CA,CDF,SLU,CORNELL,10744,2020/08/18 00:00:00+00,2020/08/18 00:00:00+00,2,,2,1.810446,1,1,,424.8561116,-11018.52543
21867,2020,CA,CDF,SLU,ENERGY,11284,2020/08/29 00:00:00+00,2020/08/29 00:00:00+00,11,Electrical,7,6.926878,1,1,,809.3107486,-42240.70521
21868,2020,CA,CDF,SLU,COUNTRY,12211,2020/09/17 00:00:00+00,2020/09/17 00:00:00+00,8,,1,1.0168997,6,1,,322.1674139,-6153.550337
21869,2020,CA,CDF,SLU,DELTA,13062,2020/10/04 00:00:00+00,2020/10/04 00:00:00+00,9,,7.7,7.6007361,1,1,,854.7385244,-46338.1959
21870,2020,CA,CDF,SLU,DAVIS,14581,2020/11/05 00:00:00+00,2020/11/05 00:00:00+00,11,Electrical,1,1.1195419,1,1,,427.0050546,-6884.136286
21871,2020,CA,CDF,NEU,SMARTSVILLE,15238,2020/07/09 00:00:00+00,2020/07/09 00:00:00+00,2,,6,8.0897436,6,1,,1248.013235,-54598.75328
21872,2020,CA,CDF,BEU,POND,3644,2020/07/26 00:00:00+00,2020/07/26 00:00:00+00,8,"Grass fire
",10,7.0860515,1,1,,1121.274971,-44869.4974
21873,2020,CA,CCO,VNC,ERBES,4124,2021/01/14 00:00:00+00,2021/01/15 00:00:00+00,14,2 separate perimeters. Reported is total reported,30,26.548508,7,1,,2434.750253,-157568.597
21874,2020,CA,CCO,VNC,LEWIS,59179,2020/07/23 00:00:00+00,2020/07/23 00:00:00+00,14,,3.8,3.9673607,1,1,,836.5455909,-23507.47109
21875,2020,CA,CDF,LMU,GOLD,3917,2020/07/20 00:00:00+00,2020/10/29 00:00:00+00,14, ,22614,22652.559,7,1,,129127.7856,-161406943.2
21876,2020,CA,CCO,VNC,GOODENOUGH,55722,2020/07/12 00:00:00+00,2020/07/12 00:00:00+00,14,,7,8.4154339,1,1,,1024.562309,-50222.55662
21877,2020,CA,CCO,VNC,COCHRAN,55744,2020/07/12 00:00:00+00,2020/07/13 00:00:00+00,14,,8.9,8.3289957,1,1,,1114.073074,-49488.22979
21878,2020,CA,CCO,LAC,TOPANGA,216968,2020/07/22 00:00:00+00,2020/07/22 00:00:00+00,11,,2.3,2.614254,1,1,,693.2888388,-15481.34545
21879,2020,CA,CCO,LAC,AIRPORT,149563,2020/05/21 00:00:00+00,2020/05/21 00:00:00+00,10,,1.8,3.0013263,1,1,,647.7122357,-17928.36868
21880,2020,CA,CCO,LAC,MESA,207264,2020/07/13 00:00:00+00,2020/07/13 00:00:00+00,11,,1,1.2505317,1,1,,341.1643397,-7389.665728
21881,2020,CA,CCO,LAC,COLIMA,169545,2020/06/09 00:00:00+00,2020/06/09 00:00:00+00,14,,6,6.2452407,1,1,,913.0271981,-36841.31199
21882,2020,CA,CCO,LAC,HASLEY,171441,2020/06/11 00:00:00+00,2020/06/11 00:00:00+00,2,,6.7,6.6710515,1,1,,1091.07306,-39807.83094
21883,2020,CA,CCO,LAC,HILL,163511,2020/06/04 00:00:00+00,2020/06/04 00:00:00+00,14,,3.5,3.4855578,1,1,,556.0237113,-20568.6692
21884,2020,CA,CCO,LAC,210TH,198391,2020/07/05 00:00:00+00,2020/07/05 00:00:00+00,14,,6,7.0676484,1,1,,1320.893774,-42477.21206
21885,2020,CA,CCO,LAC,CALGROVE,191517,2020/06/30 00:00:00+00,2020/06/30 00:00:00+00,2,,8.6,4.2280722,1,1,,677.9215312,-25169.72398
21886,2020,CA,CCO,LAC,GROVE,242462,2020/08/14 00:00:00+00,2020/08/14 00:00:00+00,14,,4.5,1.7989417,1,1,,613.5306215,-10619.93225
21887,2020,CA,CCO,LAC,TOPANGA,271897,2020/09/08 00:00:00+00,2020/09/08 00:00:00+00,10,,9.5,6.7322807,1,1,,861.9444551,-39790.86236
21888,2020,CA,CCO,LAC,PALM,275442,2020/09/11 00:00:00+00,2020/09/11 00:00:00+00,14,,8.5,8.4067888,1,1,,935.2502035,-49643.25251
21889,2020,CA,CCO,LAC,NO NAME,290998,2020/09/26 00:00:00+00,2020/09/26 00:00:00+00,10,,5,3.0133996,1,1,,777.3240417,-18110.94801
21890,2020,CA,CCO,LAC,WAVE,307499,2020/10/10 00:00:00+00,2020/10/10 00:00:00+00,14,,5,9.6397104,1,1,,1635.544938,-56945.38506
21891,2020,CA,CCO,LAC,TUNA,343103,2020/11/13 00:00:00+00,2020/11/13 00:00:00+00,9,,1.5,1.2373409,1,1,,349.7710439,-7310.735501
21892,2020,CA,CCO,LAC,CANYON,377420,2020/12/13 00:00:00+00,2020/12/13 00:00:00+00,11,,6,7.2688804,1,1,,1243.215993,-42854.96531
21893,2020,CA,CCO,LAC,BANNING,385995,2020/12/20 00:00:00+00,2020/12/20 00:00:00+00,11,,1.15,1.5290655,3,1,,466.3366939,-8908.938619
21894,2020,CA,CDF,LNU,DUNNIGAN,9096,2020/06/17 00:00:00+00,2020/06/17 00:00:00+00,11,Zach Main,5,6.1252761,6,1,,931.6338228,-40892.77839
21895,2020,CA,CDF,LNU,MONTICELLO,14225,2020/08/30 00:00:00+00,2020/08/30 00:00:00+00,14,Jake White,1,1.0864354,1,1,,424.2065357,-7164.328712
21896,2020,CA,CDF,LNU,LAWLEY,10631,2020/07/08 00:00:00+00,2020/07/08 00:00:00+00,2,Matt Frantz,2,2.0236042,1,1,,514.5794079,-13434.41078
21897,2020,CA,CDF,LNU,HUBCAP,16813,2020/10/10 00:00:00+00,2020/10/10 00:00:00+00,2,Matt Maxwell,2,2.0177717,6,1,,489.1889054,-13405.4203
21898,2020,CA,CDF,LNU,SPRING,14218,2020/08/30 00:00:00+00,2020/08/30 00:00:00+00,14,Mike Baldwin,1.5,1.7034259,6,1,,581.9429123,-11223.60081
21899,2020,CA,CDF,LNU,COUNTY ROAD 2,8435,2020/06/06 00:00:00+00,2020/06/06 00:00:00+00,14,Dennis Lange,1,1.242705,6,1,,405.3684259,-8316.239723
21900,2020,CA,CDF,LNU,MULE,9336,2020/06/20 00:00:00+00,2020/06/20 00:00:00+00,9,Dennis Lange,7,7.356204,1,1,,1085.173183,-49368.4245
21901,2020,CA,CDF,LNU,CANAL,14794,2020/09/08 00:00:00+00,2020/09/08 00:00:00+00,14,Dennis Lange,4,4.0730767,6,1,,1554.701379,-27431.14121
21902,2020,CA,CDF,LNU,MOBILE,11766,2020/07/26 00:00:00+00,2020/07/26 00:00:00+00,2,Marc Hottendorf,1,1.119406,6,1,,453.3596951,-7423.780156
21903,2020,CA,CDF,LNU,OAT,7873,2020/05/28 00:00:00+00,2020/05/28 00:00:00+00,10,Matt Swithenbank,5,5.6383104,6,1,,875.1047293,-37564.27268
21904,2020,CA,CDF,LNU,LUCERNE,15524,2020/09/20 00:00:00+00,2020/09/20 00:00:00+00,7,Steve Hansen,4,4.1219296,1,2,,1011.526017,-27757.02643
21905,2020,CA,CDF,LNU,GEORGE,9907,2020/06/28 00:00:00+00,2020/06/28 00:00:00+00,9,Scott Zindler,1,1.3464322,6,1,,356.0995081,-9030.481746
21906,2020,CA,CDF,LNU,EAGLE,14038,2020/08/27 00:00:00+00,2020/08/27 00:00:00+00,7,Scott Zindler,1,1.4826626,6,1,,434.7012207,-9954.348459
21907,2020,CA,CDF,LNU,HEATHER,10594,2020/07/08 00:00:00+00,2020/07/08 00:00:00+00,9,John Wilson,1.5,1.913929,6,1,,465.7877254,-12781.55905
21908,2020,CA,CDF,LNU,17-7,13442,2020/08/17 00:00:00+00,2020/08/17 00:00:00+00,1,Anthony Dozier,1.5,1.8423059,6,1,,518.2288072,-12323.0483
21909,2020,CA,CDF,LNU,LYTTON,16406,2020/10/03 00:00:00+00,2020/10/03 00:00:00+00,7,Brion Borba,2,1.931224,6,1,,478.2429461,-12836.86256
21910,2020,CA,CDF,LNU,SPRING,15145,2020/09/14 00:00:00+00,2020/09/14 00:00:00+00,11,Scott Weese,1,1.2904072,6,1,,503.3095889,-8474.376546
21911,2020,CA,CDF,LNU,LAKE VIEW,18168,2020/07/27 00:00:00+00,2020/07/27 00:00:00+00,14,Rich Lawler,2,2.3081572,6,1,,575.9483155,-15489.14537
21912,2020,CA,CDF,LNU,CREEK,9331,2020/06/20 00:00:00+00,2020/06/20 00:00:00+00,2,Eric Calley,1,1.2475275,6,1,,511.5867069,-8258.764652
21913,2020,CA,CDF,LNU,ARROW,12642,2020/08/08 00:00:00+00,2020/08/08 00:00:00+00,2,Eric Calley,6,6.7308369,6,1,,870.9267525,-44246.07084
21914,2020,CA,CDF,LNU,REDWOOD,13144,2020/08/15 00:00:00+00,2020/08/15 00:00:00+00,2,Eric Calley,2,2.1788154,1,1,,514.7020246,-14449.3959
21915,2020,CA,CDF,LNU,CHABLIS,19556,2020/11/22 00:00:00+00,2020/11/22 00:00:00+00,8,Eric Calley,1,1.3319296,1,1,,519.6874457,-8847.994642
21916,2020,CA,CDF,LNU,BLUE LAKES,3390,2020/02/29 00:00:00+00,2020/08/29 00:00:00+00,9,Rich Lawler,4,4.3660469,1,1,,806.2678602,-29309.70453
21917,2020,CA,CDF,LNU,SALMON,8659,2020/09/10 00:00:00+00,2020/09/10 00:00:00+00,2,Josh Jones,5,5.4292064,6,1,,788.0086167,-36258.03517
21918,2020,CA,CDF,LNU,STONY,9198,2020/06/18 00:00:00+00,2020/06/18 00:00:00+00,14,Brandon Mcgee,6,6.5855865,6,1,,945.0959644,-43386.15274
21919,2020,CA,CDF,LNU,DIGGER/QUAIL,10627,2020/07/08 00:00:00+00,2020/07/08 00:00:00+00,2,Kole Oliver,5,5.7131147,6,1,,744.2096018,-37786.65851
21920,2020,CA,CDF,LNU,DUNNIGAN,10745,2020/07/10 00:00:00+00,2020/07/10 00:00:00+00,2,Kole Oliver,1.5,1.8512374,6,1,,412.3409788,-12351.79334
21921,2020,CA,CDF,LNU,LAMB,10619,2020/07/08 00:00:00+00,2020/07/08 00:00:00+00,9,Kole Oliver,1.5,1.7104708,6,1,,490.7370701,-11372.10785
21922,2020,CA,CDF,LNU,ANNAPOLIS,2399,2020/02/12 00:00:00+00,2020/02/12 00:00:00+00,14,Diane Mibach,2,2.1595345,6,1,,459.2611932,-14377.70136
21923,2020,CA,CDF,LNU,GAMBLE,13354,2020/04/02 00:00:00+00,2020/04/02 00:00:00+00,5,Jase Indrebro Part of LNU LIGHTNING COMPLEX,1,1.0706677,6,1,,329.3589273,-7104.144326
21924,2020,CA,CDF,LNU,FOX,11856,2020/07/27 00:00:00+00,2020/07/27 00:00:00+00,4,Jase Indrebro,1.5,1.6968673,6,1,,543.8668848,-11247.24607
21925,2020,CA,CDF,LNU,13-1,13249,2020/08/16 00:00:00+00,2020/08/16 00:00:00+00,1,Brian Mickelson,1,1.2041897,6,1,,393.0582027,-8011.593679
21926,2020,CA,CDF,LNU,MILL,6651,2020/05/05 00:00:00+00,2020/05/05 00:00:00+00,11,Dan Cavazos,1.5,1.6995127,6,1,,401.8293659,-11273.29168
21927,2020,CA,CDF,LNU,TAYLOR,13619,2020/08/19 00:00:00+00,2020/08/19 00:00:00+00,14,Forest Martin,1,1.7314005,6,1,,546.039185,-11431.1639
21928,2020,CA,CDF,LNU,NEWELL,9981,2020/06/29 00:00:00+00,2020/06/29 00:00:00+00,7,Zach Cartee,2.5,2.5603886,6,1,,591.8646512,-16795.35905
21929,2020,CA,CDF,LNU,PLEASANTS,7817,2020/05/27 00:00:00+00,2020/05/27 00:00:00+00,11,Jessie Campbell,8,8.7006712,6,1,,1049.611998,-57423.27097
21930,2020,CA,CDF,LNU,CEMENT,8139,2020/06/02 00:00:00+00,2020/06/02 00:00:00+00,14,Gary Uboldi,3,3.5096183,6,1,,660.8355883,-23163.36938
21931,2020,CA,CDF,LNU,TWIN,19608,2020/11/23 00:00:00+00,2020/11/23 00:00:00+00,5,Jason Freyer,1,1.0429176,6,1,,353.8860459,-6863.479398
21932,2020,CA,CCO,MRN,PIERCE,2436,2020/09/27 00:00:00+00,2020/09/27 00:00:00+00,2,,5.6,5.6360598,1,1,,892.7627061,-36788.5174
21933,2020,CA,CCO,MRN,ISLAND,1927,2020/08/09 00:00:00+00,2020/08/09 00:00:00+00,4,,1.5,1.435051,1,1,,415.082884,-9370.994
21934,2020,CA,USF,LPF,PLASKETT,1245,2020/06/03 00:00:00+00,2020/06/06 00:00:00+00,5,4952B882-1B9A-44C5-8024-70C12055E3F8,24,1.5009465,8,1,,374.8567338,-9284.519621
21935,2020,CA,USF,BDF,RALPH ,12365,2020/08/15 00:00:00+00,2020/08/18 00:00:00+00,1,D920AEDB-8F88-448B-BAF4-87373D3E2F8F,10,9.3903809,8,1,,911.3419211,-55017.73581
21936,2020,CA,USF,ANF,BLUE,4178,2020/10/16 00:00:00+00,2020/10/20 00:00:00+00,1,B168D375-4B5B-46F4-B7B0-C5E6CC04767C,15,5.1512733,3,1,,1142.823363,-30685.79712
21937,2020,CA,CDF,BTU,2-28 / BUTTE LIGHTNING COMPLEX,9756,2020/08/17 06:59:59+00,2020/09/10 06:59:59+00,1,BUTTE LIGHTNING COMPLEX,2,21.37203,1,1,,1901.836225,-147417.5553
21938,2020,CA,CDF,BTU,1-11 / BUTTE LIGHTNING COMPLEX,9778,2020/08/17 06:59:59+00,2020/09/10 06:59:59+00,1,BUTTE LIGHTNING COMPLEX,10,12.20918,1,1,,1243.225444,-84049.5192
21939,2020,CA,CDF,BTU,2-30 / BUTTE LIGHTNING COMPLEX,9784,2020/08/17 06:59:59+00,2020/09/10 06:59:59+00,1,BUTTE LIGHTNING COMPLEX,0.05,6.258503,1,1,,894.8329101,-43254.5174
21940,2020,CA,CDF,BTU,2-26 / BUTTE LIGHTNING COMPLEX,9730,2020/08/17 06:59:59+00,2020/09/10 06:59:59+00,1,BUTTE LIGHTNING COMPLEX,0.25,27.641741,1,1,,1987.669251,-191103.5795
21941,2020,CA,CDF,BTU,1-8 / BUTTE LIGHTNING COMPLEX,9749,2020/08/17 06:59:59+00,2020/09/10 06:59:59+00,1,BUTTE LIGHTNING COMPLEX,1.96,92.39505,1,1,,3794.789843,-637869.2044
21942,2020,CA,CDF,BTU,1-7 / BUTTE LIGHTNING COMPLEX,9748,2020/08/17 06:59:59+00,2020/09/26 06:59:59+00,1,BUTTE LIGHTNING COMPLEX,20,174.789,1,1,,6517.765383,-1207708.829
21943,2020,CA,CDF,BTU,1-12 / BUTTE LIGHTNING COMPLEX,10058,2020/08/24 06:59:59+00,2020/09/10 06:59:59+00,1,BUTTE LIGHTNING COMPLEX,947,946.58337,1,1,,18556.52565,-6530778.569
